genome_accession,TF,start_pos,end_pos,strand,sequence,description,pmid
AB006206,AdpA,2270.0,2312.0,1.0,CTGAACTGAACCGGCCGTCCTGCGGGATCGCGGCCGGAATCCA,AdpA binding site upstream of amfR gene,14622407.0
AB038389,NtrC,2440.0,2454.0,1.0,GCACCATAATGGTGC,NtrC predicted site 2 at glnA gene,14519985.0
AB038389,Sigma54,2519.0,2534.0,1.0,TGGCACGAGTCTCGCT,Sigma54 predicted site at glnA gene,11040434.0
AB039273,AdpA,1940.0,1983.0,1.0,CGGAACCCGCCACTCGCTACCACGAGTGACGCTTTTCGAACTGC,AdpA binding site upstream of adsA gene,10913094.0
AB091268,AdpA,2686.0,2716.0,1.0,AGTGCGAGATCGCGCCACACTTCTGGAACGG,AdpA binding site 1 upstream of ssgA gene,12562798.0
AB091268,AdpA,2823.0,2840.0,1.0,TGGCCATTTCCGTACCCC,AdpA binding site 2 upstream of ssgA gene,12562798.0
AB091268,AdpA,2974.0,3016.0,1.0,ATGGCGTCAATAGGGCCATGGGGGATCATTCCTGGCCAGATTC,AdpA binding site 3 upstream of ssgA gene,12562798.0
AE003849,LexA,118531.0,118546.0,1.0,TTAGTAATAATACTAA,lexA-recA regulatory site,12427949.0
AE006641,LrpB,1951270.0,1951284.0,1.0,TTAACATTTTTACAA,LrpB binding box upstream of sso2126,19170871.0
AE006641,LrpB,1953398.0,1953412.0,1.0,TTGCATTTTATGCAA,LrpB binding box upstream of sso2127,19170871.0
AE006641,LrpB,1954888.0,1954902.0,1.0,TTGCACATTTTGCCA,LrpB binding box3 upstream of porD,19170871.0
AE006641,LrpB,1954919.0,1954933.0,1.0,TCTAATAAATTGCAA,LrpB binding box2 upstream of porD,19170871.0
AE006641,LrpB,1954951.0,1954965.0,1.0,TTAACATAGTTACAA,LrpB binding box1 upstream of porD,19170871.0
AF009224,CatM,13051.0,13065.0,1.0,ATACCTTTTTAGTAT,CatM binding site at catM/catB intergenic region,7592340.0
D16407,BphS,540.0,553.0,1.0,ATAATCTATTTTAT,BphS binding site 1 upstream of bph operon,11459836.0
D16407,BphS,558.0,569.0,1.0,AAATACGTATTT,BphS binding site 2 upstream of bph operon,11459836.0
D16407,BphS,577.0,592.0,1.0,AATTGGCAAACAATAT,BphS binding site 3 upstream of bph operon,11459836.0
D16407,BphS,596.0,608.0,1.0,AAAAAAGATTGTC,BphS binding site 4 upstream of bph operon,11459836.0
L40173,ExpR1,143.0,162.0,1.0,TGTGGTTATACCATCGTCTA,ExpR box upstream of rsmA gene,16788181.0
L81176,Vfr,4073.0,4096.0,1.0,AAATTGACTAATCGTTCACATTTG,Vfr predicted site upstream of fleQ gene,12218009.0
NC_002377,TraR,107011.0,107028.0,1.0,ATGTGCAGATCTGCACGT,tra box II upstream of repABC operon,12753196.0
NC_002505,ToxR,1568173.0,1568218.0,-1.0,TTTTGATTTTTGATTTTTGATTTTTGATTTCAAATAATACAAATTT,ToxR binding site upstream of ctxAB operon,7830555.0
NC_002516,PsrA,3367697.0,3367716.0,1.0,TTTGAAACATACGTTTCAGC,,19508282.0
NC_002516,PsrA,3376768.0,3376787.0,1.0,ATTCATACGCCCGTTTGACT,,18524913.0
NC_002737,Mga,1652866.0,1652904.0,-1.0,CAGTCAAAAAAAGTAACATTTCAAAAAAGAGTGACCTTA,Mga binding site PsclA-I upstream of sclA gene,15547255.0
NC_002929,BvgA,1968611.0,1968675.0,1.0,TTGACTAAGAAATTTCCTACAAGTCTTGTATAAATATCCATTGATGGACGGGATCATTACTGACT,BvgA binding region upstream of fhaB gene,11133947.0
NC_002947,PhhR,3533196.0,3533221.0,1.0,GTTTTGTAAAAATTATCAATCGATGA,PhhR binding region 1 upstream of PP3122-PP3123 op,19781550.0
NC_002947,PhhR,3533249.0,3533274.0,1.0,TTGCGGTGAAGATGTCTGCACACGCT,PhhR binding region 2 upstream of PP3122-PP3123 op,19781550.0
NC_002947,PsrA,2445683.0,2445702.0,1.0,TTTCAAACACCTGTTTGTCT,,11914368.0
NC_002952,SarA,2880365.0,2880489.0,-1.0,ATGCACTTGTATTCGTTATACTGTATATATTTTGCATAATAAAATAATAATATGAATTTTTGATAAATTTCATTGAATAAGAACTAAATTAGTTTATAATTTATTATTAGTATCCTGTGGATATG,SarA binding region upstream of cna gene,10411748.0
NC_003037,NodD1,469403.0,469427.0,1.0,ATCCAAACAATCGATTTTACCAATC,Nod box upstream of nodF gene,16855231.0
NC_003047,PhoB,840244.0,840261.0,1.0,CTGTCGTTCAGCCGTCAC,PhoB predicted site upstream of katA gene,16238634.0
NC_003078,ExpG,980422.0,980497.0,-1.0,CTCTTCTCGTCGCAAATTACTTTAAAATTTGAAGCGCTTTGCCTGCATTTCCGTCAGAATTACTCCTAAAATTATA,ExpG binding region upstream of expE operon,12972351.0
NC_003078,ExpG,983813.0,983887.0,1.0,GCTCAAGAGCACGCAATTTCGGGGCAGGGGTGTTATGAAATTACTTCAAGTTTTGAAGTAATTTTCCGGAATTGG,ExpG binding region upstream of expG gene,12972351.0
NC_003078,ExpG,985853.0,985932.0,1.0,GCGAAAGAAACGCAGTTTGTCTGAATATTGCTTCAATTTTTGAAGTATAAATACCGGGTAAAGCCCCAAGAATCTATTGT,ExpG binding region upstream of expA operon,12972351.0
NC_003098,SzcA,1645541.0,1645556.0,-1.0,TGAACAAGGTGTTCAT,SzcA binding motif 2 at szcA/czcD intergenic regio,17640279.0
NC_003098,SzcA,1645609.0,1645641.0,-1.0,GGACACTTAAGGCAAATTGTTCAGAACTGAATA,SzcA binding motif 1 at szcA/czcD intergenic regio,17640279.0
NC_003272,VF1,1700655.0,1700670.0,1.0,TGTTTGCACTGAGCA,VF1 predicted  site at xisA 1,8391534.0
NC_003272,VF1,1700671.0,1700686.0,1.0,TGTTAGTGATGAACA,VF1 predicted site at xisA 2,8391534.0
NC_003272,VF1,1700687.0,1700702.0,1.0,TGTTTGCTGATAACA,VF1 predicted site at xisA 3,8391534.0
NC_003272,VF1,1785409.0,1785422.0,1.0,TGTAAGTTAAGAACT,VF1 predicted  site at rbcL 2,8113160.0
NC_003272,VF1,1785458.0,1785473.0,1.0,TGTGAGACAAGTTACA,VF1 predicted site at rbcL 1,8113160.0
NC_003272,VF1,2807335.0,2807358.0,1.0,ACGTTCTGTAACAAAGACTACAAA,VF1 binding site at glnA,8113160.0
NC_003272,VF1,2807341.0,2807360.0,1.0,TGTAACAAAGACTAC,VF1 predicted site  at glnA,8113160.0
NC_003450,AmtR,1676669.0,1676684.0,-1.0,ATCTATAGCGGAATAG,AmtR binding site 2 upstream of amt gene,10972815.0
NC_003450,AmtR,1676705.0,1676720.0,-1.0,ATCTATAGAACGATAG,AmtR binding site 1 upstream of amt gene,10972815.0
NC_003450,GlxR,392483.0,392498.0,1.0,TGTGAGGAAGCTCACC,GlxR binding site upstream of sdhC,19583988.0
NC_003450,GlxR,2470395.0,2470434.0,-1.0,AGGTTTCGAAGGTGTGACCTAGATAAAAGTCGGGGTTAGG,GlxR binding site upstream of aceB,15150232.0
NC_003450,GlxR,2470395.0,2470434.0,-1.0,AGGTTTCGAAGGTGTGACCTAGATAAAAGTCGGGGTTAGG,GlxR binding site upstream of aceB,15150232.0
NC_003450,GlxR,2630489.0,2630528.0,1.0,CAGTCCCCGTGATGTGACCATACACACCACGGGGACTGTG,GlxR binding site upstream of gntK,16385030.0
NC_003450,GlxR,2630513.0,2630552.0,1.0,CACCACGGGGACTGTGGCGTAGGTCTTACAAAATTCCCCA,GlxR binding site upstream of cg2732,16385030.0
NC_003450,GlxR,2737726.0,2737765.0,-1.0,ATTGCCGATTTTTGTGATTAGAGTCTCCAAATGTTACGAG,GlxR binding site upstream of pstS,20638427.0
NC_003450,GlxR,3108042.0,3108081.0,1.0,TATTAAGAAATTTGTGGCTTAGATCTCAATTTCTGTATAG,GlxR binding site upstream of gntP,16385030.0
NC_003450,LldR,3118207.0,3118222.0,1.0,TTGTGGTCTGACCATG,LldR binding site 1 upstream of cgl2917,18039772.0
NC_003450,LldR,3118210.0,3118220.0,1.0,TGGTCTGACCA,LldR binding site upstream of NCgl2816 gene,18039772.0
NC_003450,MtrA,944836.0,944854.0,1.0,ATCGTTATGTCATTGTGAT,MtrA bindng site upstream of betP,17064374.0
NC_003450,MtrA,2320842.0,2320860.0,-1.0,TGCGGTTTCGTAACCTTAT,MtrA bindng site 2 upstream of nlpC,17064374.0
NC_003450,MtrA,2320893.0,2320911.0,-1.0,ATAACGGTTCGATAACGAC,MtrA bindng site 1 upstream of nlpC,17064374.0
NC_003450,MtrA,2649521.0,2649539.0,1.0,GTCACAACTTGATAACGGA,MtrA bindng site upstream of mepA,17064374.0
NC_003450,MtrA,2680934.0,2680952.0,1.0,TCCGTTACAGAATCGTTAC,MtrA bindng site in nadE-nrdH intergenic region,17064374.0
NC_003450,MtrA,3274343.0,3274361.0,-1.0,AATGTGACCAATTTGTAAC,MtrA bindng site upstream of proP,17064374.0
NC_003450,PhoR,2737796.0,2737817.0,-1.0,AAACCTGTGAGAATAATAAGAA,PhoR binding site upstream of pstS,17496102.0
NC_003450,PhoR,2774901.0,2774934.0,-1.0,TCCCAATTTCAACTCTTTCAGTACATTCACAGTT,regulatory region upstream of phoR,17496102.0
NC_003450,PhoR,2774902.0,2774920.0,-1.0,CTTTCAGTACATTCACAGT,PhoR binding site upstream of phoR,17496102.0
NC_003450,RamA,392605.0,392638.0,1.0,TTATGTCTCTAAACAGCCAGTTGGGGGTCATGGG,proxymal RamA binding site upstream of sdhC,17114251.0
NC_003888,AfsR,4842738.0,4842757.0,-1.0,CGTTCAGCGTTCGTTTATCT,AfsR binding site upstream of afsS gene,11952895.0
NC_003888,DasR,1474161.0,1474176.0,1.0,TGTGGTCTAGACCTCT,,16925557.0
NC_003919,LexA,1999055.0,1999073.0,1.0,TTAGTAGTAATACTACTAA,LexA palindromic binding site,12471445.0
NC_003919,LexA2,1362285.0,1362298.0,1.0,TGTACAAATGTACA,LexA2 binding site upstream lexA2,16000766.0
NC_004347,TorR,1276179.0,1276194.0,-1.0,TTCATACTTTTTCATA,TorR predicted site at torR gene,15231782.0
NC_004347,TorR,4896420.0,4896435.0,1.0,TTCATATTCATTCATA,TorR predicted site at torF gene,15231782.0
NC_004350,ScrR,1741286.0,1741305.0,-1.0,TATGTAAAACGATTGACATA,,13129950.0
NC_004350,ScrR,1741286.0,1741305.0,1.0,TATGTCAATCGTTTTACATA,,13129950.0
NC_004578,PsrA,3961148.0,3961167.0,-1.0,TTTCAAACGTTCGTTTGTTA,,17400767.0
NC_006827,PrgX,8152.0,8159.0,1.0,AATACTTA,PrgX binding site 2 at prgQ gene,11827471.0
NC_006958,AmtR,2143673.0,2143704.0,-1.0,TTAAATTACCTGTTAAACTATAGAAAATATCC,AmtR binding site upstream of amtB,19627583.0
NC_006958,SugR,3086808.0,3086816.0,-1.0,TCGGACATA,SugR binding site upstream of ldh gene,19332837.0
NC_008463,MvfR,4571579.0,4571591.0,-1.0,TTCGGACTCCGAA,MvfR predicted site upstream of pqsABCDE operon,17083468.0
NC_009342,ArnR,1388371.0,1388380.0,-1.0,TATTTAATTA,ArnR binding site upstream of arnR,18296524.0
NC_009342,ArnR,1396785.0,1396794.0,-1.0,TAATTAAATA,ArnR binding site upstream of narK,18296524.0
NC_009342,GlxR,1822230.0,1822245.0,-1.0,TGTGAGTTGCATCACA,GlxR binding site upstream of gapA,17600063.0
NC_009342,SugR,1960449.0,1960473.0,-1.0,TGTTTGAATAGTTGCACAACTGTTG,SugR binding site ptsI/fruR intergenic region,18183389.0
NC_011978,ArgR,291739.0,291808.0,1.0,TTACCAAAACAAAAACAAATGAATTTTTCTTCCAGAGGTGTTATATTTATGCTGTATAATTGTATGTGTT,ArgR binding region upstream of argR gene,10732680.0
NZ_GG749376,NsrR,99268.0,99296.0,-1.0,CCATTAAGGTATTTTCCGTGAAACTTAAA,NsrR binding site upstream of nsrR gene,19007408.0
NZ_GG749378,NsrR,27675.0,27703.0,1.0,TTTAACATTCATATTTTGTGAATTTTAAA,NsrR binding site upstream of norB gene,19007408.0
X94434,PlnC,6497.0,6505.0,1.0,CACGTTTAA,plnABCD regulatory site,19519894.0
