genome_accession, TF, TF_accession, left_flanking, site_sequence, right_flanking, site_start, site_stop, site_strand, regulated_operon, mode, database, evidence, alternative_database_id
NC_002935.2,dtxR,NP_939766.1,TGGGTCGCCGGTGTAGGCGTAGTCCCAGGGGGGCGCCGATAAGGGTGTGGTCGTGCATGCTTTTGGTCGGAAAATATATCAACCAGATGATGTATTGAGA,TTTTCTTTGCCTAGCCTAA,TTAGGTTATAGTAAGCCTTGCCTCAAATCTGATTCTCAAAGTAAAGGAAAACTTGTGCGTTTATCCAGAAAAATTACAGCTGTGGCAGTGGCAATCGCTG,87967,87986,1,irp6A,R,coryneRegNet,12169610;16469103
NC_002935.2,dtxR,NP_939766.1,GTTACATCTCGGCGACAAGGATGAATATATTCCCGACATATTGGGGGTAACGGGGGTGAATTTCATAACGTTGAAATATAGACAATAAAAATATTGAACT,TTAGGGAACTCTTGCCTTA,TTGCTGCCGACAACTACTGCGTTCCATTGCCACAACCCATCACGGAAAGCTGTTTATGGTTGCAACTTACACACCGTCCGCCGAGAAGCAGGAAGCGTCG,103080,103099,1,piuB,R,coryneRegNet,14617647;16469103
NC_002935.2,dtxR,NP_939766.1,GGAGTAGGTCCCGATTGGTTTTTGCTAGTGAAGCTTAGCTAGCTTTCCCCATGTAACCAATCTATCAAAAAAGGGCATTGATTTCAGAGCACCCTTATAA,TTAGGATAGCTTTACCTAA,TTATTTTATGAGTCCTGGTAAGGGGATACGTTGTGAGCAGAAAACTGTTTGCGTCAATCTTAATAGGGGCGCTACTGGGGATAGGGGCCCCACCTTCAGC,188927,188946,1,tox,R,coryneRegNet,14617647;16469103
NC_002935.2,dtxR,NP_939766.1,TCTGGGTACTTGCGTCAGTGACATAGTACGCGATAAAACGTGAGATTTTACGGAACTAACCCCGTGAGAGGTCTATATCTCATTTATTGTGCAATTCTTT,TTAGGCTTTTATCAGATAA,CTAGGTTAGGGGTGCCTAAAAGTCGTGGGTGGGGTAACTAGTGAACTGTAGTAATGCGGTGGTAGGGTAGACCGGTCAAATATATCCAGCCACGGTTTTA,509472,509491,1,secY,R,coryneRegNet,14617647;16469103
NC_002935.2,dtxR,NP_939766.1,TTAACGGTTTGCTACAACGCGCACACTGCCAACATGAGGCGGGGGTGCGCGTTTTGTTTCGATTAGATATCGATGGGGGCTGACCCCATTCCCCAGATAG,TTAGGGTTGTGTTACCTTG,GGAAGCTATGCATGTAAATCCATTAATCTCTGTTGCGCGTTCTAAAGCCTCGGCTTTGTTCGCAGCACTCGCGCTGGTTCTCGTCGTCACGCTAACCCTT,550381,550400,1,ciuA,R,coryneRegNet,15629913;16469103
NC_002935.2,dtxR,NP_939766.1,TCTGGGCTGATTGAGCAGGCTTTTGGTATTTCTACCATGATGGTGACCGATCCAGAGACGAATCGCCAACTTCCGATTGCCTATGGCATCAAACGATAGT,TTAGGGTAGCTTCGCCTAA,TGTGTTAGAAAATGGTTATATATCCCAGAGTAATTGTGAATCCGACATCCGCGGTCGCCTCCTAGCCGCACTCATTGACGAACACCTGATCACCCCTGAG,554124,554143,1,ciuE,R,coryneRegNet,15629913;16469103
NC_002935.2,dtxR,NP_939766.1,TTTGTCGAAGGGCTCTATGCAAAGCCCAATAGGTGAGATTTGGCGCACCGCCTGAAATATGCAGACGACATTGCAAGTTTTTCTACACCCAAAAACATGT,ATAGGCTACACTTACCTAA,CTTTCTAGTCCAGCTCCCCCATCAAACTCTTGAAAGAAACAATGAACCCTCAATCAACCTCTGCTTTTCAGAGCCTCTACCCCGACATCAATCCTGCCCA,592772,592791,-1,htaC,R,coryneRegNet,14617647;16469103
NC_002935.2,dtxR,NP_939766.1,TGGGCAGGATTGATGTCGGGGTAGAGGCTCTGAAAAGCAGAGGTTGATTGAGGGTTCATTGTTTCTTTCAAGAGTTTGATGGGGGAGCTGGACTAGAAAG,TTAGGTAAGTGTAGCCTAT,ACATGTTTTTGGGTGTAGAAAAACTTGCAATGTCGTCTGCATATTTCAGGCGGTGCGCCAAATCTCACCTATTGGGCTTTGCATAGAGCCCTTCGACAAA,592772,592791,1,htaA,R,coryneRegNet,14617647;16469103
NC_002935.2,dtxR,NP_939766.1,GGTTCACTGCGGCCCGAGCGAACTCGCAGCGCGTTTCGACGTACGCAGCTTATGCCGTCTCGATCATTTTGGTGTTGATCGGCGTACTTCACCTTTAGCA,CTAGGATTGCCTACACTTA,CTAGGTATGGGATCGAAGAATGCTAAGAAAAAGAGCACCGTGAAGGTGACCCATAATCCCCTCGGACTCAAGATCAAATCGACGTGTTGCCGGAGCAACC,865257,865276,1,irp5,R,coryneRegNet,9317037;16469103
NC_002935.2,dtxR,NP_939766.1,ATTACAGTGGCTGTGGCGAGGGCAAGGAAAGGACGCATTGCTTTCGCACGAGATCGGGATATTTCGAACATGTTGGACAGGTTACCCTAATTTCAAATTA,ATTGGTTAGAATTATCTAA,TGCTTCGACAACCTCGTGTCCGGCTACCATTGCCTTTAGTTATCACTTTCCTTGTAATCATCCTCCTCTGCACGATCATTATGAGTTTAGGAGTCGGGGC,1040735,1040754,-1,frgA,R,coryneRegNet,14617647;16469103
NC_002935.2,dtxR,NP_939766.1,GCCCCGACTCCTAAACTCATAATGATCGTGCAGAGGAGGATGATTACAAGGAAAGTGATAACTAAAGGCAATGGTAGCCGGACACGAGGTTGTCGAAGCA,TTAGATAATTCTAACCAAT,TAATTTGAAATTAGGGTAACCTGTCCAACATGTTCGAAATATCCCGATCTCGTGCGAAAGCAATGCGTCCTTTCCTTGCCCTCGCCACAGCCACTGTAAT,1040735,1040754,1,frgD,R,coryneRegNet,14617647;16469103
NC_002935.2,dtxR,NP_939766.1,AATTATCGAAATACATGGGGCTCAGTTGAAAAATCAGTCACTTTTCAACGCTATTGAAGAACTGTGTCAATAGGGTTGAAAAGTGTGAGAGACGTGCTGG,TTAGGGTGGGCTAACCTGC,ACTTTTGTGGGTTATGACTATTGGCGGAATGAATAACGTCATATTAGTGTTGCTAAATGGTATCTAACGTTTATTGGTCCTCAAGTCCCGTACTGATGGG,1305241,1305260,-1,,R,coryneRegNet,14617647;16469103
NC_002935.2,dtxR,NP_939766.1,ATCGAACACGAGATTGACCTAAGGCAGGTCTGGTTTGATTTGTGCGATGATTTTAAGATTCCTGAACAGCGTCGTTAGTTCTTGTTATTGATATGACGAT,TTTTGTTCGAGGTGCCTAA,AGATTTTTTGTCGAACATGTATTCGTGTATTCTGGTTTGTTGTAACTGGTGACGTTGGATTAAAGGCTTATAGTCAATACCGTTCGTTGGGGCGGATCGC,1471108,1471127,-1,recA,R,coryneRegNet,14617647
NC_002935.2,dtxR,NP_939766.1,GTGAAGGCATCCATGTTTGTTTTCACTAAGAATGAAGAGTTGTGGTCTAGGTGGTCAGCATTCTTTTGGGTTGAGCGGGGTCACCCATAGAGTAAATAGG,TTAGGTTAACCTTGCTTAA,GGGGGGTATGATATGTCACTGTCCCCTCTCTAATTGAATTTTTGTTGAAATGGAGTTGTTCGTTGAAAAATCAACGGTTACGCCACATTCTCACCACAAC,1545568,1545587,-1,chtA,R,coryneRegNet,14617647;16469103
NC_002935.2,dtxR,NP_939766.1,AGGTGTTTTGGGGCGTCGATAGTATTGAACATGACTATTAGCGGTTGATGTGGTGAGGTCGATCGCTCGGTGAGTGGAAGAATCAACTATCTGGTTGATG,TGAGGGGAACCTAACCTAA,GTATCTTCTAGGTTATTGATCAAAACGCACGATGTGTCCATACGAAAGGTTTTCTTCATCTATGACCACTGCAACCGCAGGCCTCGCTGTCGAACTCAAG,1704717,1704736,-1,hmuO,R,coryneRegNet,9353044;16469103
NC_002935.2,dtxR,NP_939766.1,GGGATCTTTTTCGGGGGCGTTAATAAATTCGACTTTGACAGGGCTAACATTTTTCTCTTTAAACTCAGCCGCCGACTCGGAAGTCGTCGTCACCGCCACG,TTAGGGGTGTCTGATTTAT,CAGAACTACAAGCTGCTAGTGCTGTTACAGAGGCGAATAGCACTACCCCTACTGTAAAACGTGTAAGTGAAACGGACATGATCATTAATTTCCTCATCGG,1776251,1776270,1,ywjA,R,coryneRegNet,14617647
NC_002935.2,dtxR,NP_939766.1,TCTGGAATTGGGCGTGAGAATCACCTCATGATGTTGGATCACTACCAGCAGACAAAGAACCTTCTTGTCTCGTATGATGAGAATCCAACAGGCTTATTTT,AAAGGTAAGCCATAGCTAA,GTAGAGCCCGTCATTGGGTGGGCTCTACAGCCTGCACAAACTTATAACTTCATACGGTTCAGCCCCCGCATTTCGCGGGGTTTTGCCATTTCTGCCACCT,2164945,2164964,-1,adhA,R,coryneRegNet,14617647;16469103
NC_002935.2,dtxR,NP_939766.1,GGGCAACCCGAAGTGCTCTCGGGGGCGGTGATGTGACGCAGTAAATGTCATGATTTTGGTCATTTCGGTCGTTCGGGCGAGAGGTAGGTCACGCAAGCTA,TTAGGGTAGGCTAATCCAA,GTTCAGCACTAGTATTTATACCCTAATTGCAGACTTTTTCATTAACTAGTTACCCGATCATAGGGAAATATTGTGCCGGTAGCCACATCGAGGGGTGGCA,2234793,2234812,-1,sidA,R,coryneRegNet,14617647;16469103
NC_002935.2,dtxR,NP_939766.1,CTCAACTCCGGGTTGGAATATCCAGTCGAAGCAGGGAAGTGGGCAGCACACAAAGACGCTACTGCAATCCACTCCACTTTCACCCAAATACGTGGTTTTC,ATTACTAATGCTAACCTAA,GTAGCATATGATGTAGCGTTCCGCCGGAGAATAAGGAATTCTAGAGGGCATGATCAAACCACTTCTGCTCGCCATCGGCTGCGTCAGCGTAACACTCGGT,2462711,2462730,1,irp4,R,coryneRegNet,9317037
NC_002935.2,mntR,NP_938993.1,GTGCTAGAGATTTGGATTGTGACGATGCTTCGAAGCTGCTTACCCTCATGGGGGATCGTAAATTCAATACGCTGAACAGTTAATCTTGTTAGTTGTGAAC,AAAGGTGTTACCGTCCTTG,GTGAACAAGTTTGTCAAACAGGAGAAGTATCATGCGTAAAATCGTTGGTGGTGTTGTGGGAGGAATCGTCATCTCCTCCCTCCTCGTTGGTTGTTCGGGC,584046,584065,1,mntA,R,coryneRegNet,12446639
NC_006958.1,ssuR,YP_224304.1,GTTTAACGTCCAAAATTCGGCGGTAGGTGTACCTAAAAACAGGGGTGGGAAATACTTGGGGATTGCTCTCATCGGTTCGATATAGACTGAATTGTCTAGG,TTAATATCCAATATGGAAGAA,AAACTAGACAGTTAAGTAGACTGAATGGCCTACTAGGTGCATGACTTCAGCAATCACCACCGCAACTGATCTTCGCTCCGTACTGCGAAACGTACCAACC,1065343,1065364,1,ssuI,A,coryneRegNet,16194234
NC_006958.1,ssuR,YP_224304.1,AACTTGACGTACCTAGCCTATGTTAACTTTCCGCGTCATGCAAGCGCTTTGGGATTCCAGTCTATTTCTCAAGGTCAACAGGGTGGGGGAGTCGTCGAGG,TTTTCATTCAGGGTGAATGCT,CTCCTTGTTTCAGATGTTCAACGCTCCATAAAGTAGACCGCAATCTAGACAAAGATGTCTATTTTAATTAAGGAGCAGAACATGGCCACGGCCGAGAACA,1067476,1067497,1,seuA,A,coryneRegNet,16194234
NC_006958.1,ssuR,YP_224304.1,CCAACATTGGTAAAGCACTGAGCCGTCCGGTGAGCCTAAGCAGCTAGACGTGTGATTTCGCTGGTTTTTAGATGGTTTTCAAGCCAGCGAGACCACATTA,GTTTCACGCTGGTTGAAACCT,TTGAGATCAATATAGACCGTGTGGTCTACTCGAGGAATGAGTGAAAACAATCCCACTACCTTGCACTGGTTCCTACCCACCTATGGCGATTCTCGCGGAA,1071370,1071391,1,ssuD2,A,coryneRegNet,16194234
NC_006958.1,ssuR,YP_224304.1,AGGACTAAGTGGTCTACATTTTTACCCAAAATGCAGCTCACGCAATAGACATCTCGGTCTATATACTTGCCACCTTCGCGCCCTGCAAATCCCCACACTA,CTTATATCCAGCCCGAAAATA,ATACTTCTCTCTAGACGAAGCGGTCTGTTTAAGTATGTGCCATGACATTAACTTTCCATTGGTTCCTATCCACTTCAGGCGATTCCCGCGGCATCATCGG,1284729,1284750,1,ssuD1,A,coryneRegNet,16194234
NC_006958.1,arsR2,YP_224561.1,AATCTCGGCGTAGCGTTCGGCATCGTCCACGCTGAGTGGTTCTGCTGCCAGTGAGCAACACTCTGCGGAGTTAATGAGCGGTAGGTGGATGGGTGCGGTC,ATGTCCGTCATTATATATAGACGCACAT,CGATATTGAAGGTATTTTTATATCGGCAAACATCAATATGATTGAAGGCTGGCTCATGACCCTTACTAAAGAGCATTCGACACCTCGAGCGGCTGGCTCA,278730,278758,1,arsB2,R,coryneRegNet,16204540;17061211
NC_006958.1,glxR,YP_224590.1,TAAACTTTGGCTGCCAGCAATCTGTGAATATTGAAATTACGGTTTCTAAAGTGTGACATTTTAGCCAAATGCACTAACATGGTGACCAATTGCATAGTAG,AGTGGTCTTTGCCACA,TTAATAGATGCCTCCAGTTAGGTGTCATCCGGATTTTATCTCAAACCCTAACACCCCAGGTGTTGCCACTCATCCGGACTCAAACAAGATGTGTGCAGAT,307576,307592,-1,glxR,R,coryneRegNet,18355281
NC_006958.1,glxR,YP_224590.1,GCGGATGTGGCCCGACCACGCCGGGCACCTGGTGGCGGCGGGCTGCGTCGAAAAGCGAAAATCAACAAGTTTGCAACACCTCAGTGCCAAGAGTGGTTAA,GGTGATGGTGATCACG,CTATAGTTGCGCCATGGGAAAGACATATGTGGGGTCCAGGCTGCGCCAACTGCGCCGCGAAAGAGACCTGAGCCAGGCATCCTTAGCAGCAACCCTTGGC,392221,392237,-1,ramB,R,coryneRegNet,18355281
NC_006958.1,glxR,YP_224590.1,GTGTCACCTGCGCAAAGTTGCTCCCTGGATCGGAAGGTTGGGCTGTCTAAACTTTTTGGTTGATACCAAACGGGGTTAGAAACTGTTCGGATCGGTATCC,TGTGAGGAAGCTCACC,TTGGTTTTAGAATGTTGAAAAGGCCTCACGTTTCCGCAGGTAGAGCACACTCAATTAAATGAGCGTCAAACGACAATAAAGTAAGGCTATCCTAATAAGT,392482,392498,1,sdhCD,A,coryneRegNet,18573287;18832313
NC_006958.1,glxR,YP_224590.1,GGCGCTATGCATTGCGGAGGTTCGGGGGATGGCTGTGGAGGATGTTGCGGCGGCTTTGAATGAGAATTTTGATCGCGTTTATGGGGTCACAAATCTATAA,CGTGAGGTAGCTCACA,GTCAATCTGTTGGCCGTGGTCAGCTGTGGGGGTTGTGGTGGGTGTGACTGAAGTTTATGAAGTTGCACGCCACGGCGTTTTGGTGATGGACGGGGGTAGT,965112,965128,1,rpf2,A,coryneRegNet,18355281
NC_006958.1,glxR,YP_224590.1,CAGTACGGAGCGAAGATCAGTTGCGGTGGTGATTGCTGAAGTCATGCACCTAGTAGGCCATTCAGTCTACTTAACTGTCTAGTTTTTCTTCCATATTGGA,TATTAACCTAGACAAT,TCAGTCTATATCGAACCGATGAGAGCAATCCCCAAGTATTTCCCACCCCTGTTTTTAGGTACACCTACCGCCGAATTTTGGACGTTAAACAAGCCTGCAC,1065333,1065349,-1,fum,R,coryneRegNet,18832313
NC_006958.1,glxR,YP_224590.1,GCAATCCCCAAGTATTTCCCACCCCTGTTTTTAGGTACACCTACCGCCGAATTTTGGACGTTAAACAAGCCTGCACCCCCACATTTAGGAGTGGATTGTG,CCTTATTTCTCACACT,TTCTATTACCCACCTCACTCTAGGGGTGGACTCCAGTGTTTCGCGACAACACAATGAGTAAGCTTGTGACAGCCGTATTTAATTCTCAGTAAGAAATGAG,1065193,1065209,-1,fum,R,coryneRegNet,18832313
NC_006958.1,glxR,YP_224590.1,CACCCCTGTTTTTAGGTACACCTACCGCCGAATTTTGGACGTTAAACAAGCCTGCACCCCCACATTTAGGAGTGGATTGTGCCTTATTTCTCACACTTTC,TATTACCCACCTCACT,CTAGGGGTGGACTCCAGTGTTTCGCGACAACACAATGAGTAAGCTTGTGACAGCCGTATTTAATTCTCAGTAAGAAATGAGTGATTTCATGACCGAGCAG,1065174,1065190,-1,fum,R,coryneRegNet,18832313
NC_006958.1,glxR,YP_224590.1,CACCCATGGTGTCGTGCTCAATACGGAATTCCTGCTCGGTCATGAAATCACTCATTTCTTACTGAGAATTAAATACGGCTGTCACAAGCTTACTCATTGT,GTTGTCGCGAAACACT,GGAGTCCACCCCTAGAGTGAGGTGGGTAATAGAAAGTGTGAGAAATAAGGCACAATCCACTCCTAAATGTGGGGGTGCAGGCTTGTTTAACGTCCAAAAT,1065143,1065159,1,fum,R,coryneRegNet,18832313
NC_006958.1,glxR,YP_224590.1,GTGAGCTCCAATTCTAACTTTTTTAGGGTGAGATTTCGCGACGGCGTCTGCTTCGGCTGAGCCGGCGTGAGAAAAACATCGGATTCTCATTCCACAGAAC,TGTGGAAAAGGACCCT,ACGTCTTCATTATCCTAACAGTACAAGCGTTCTGGCGGGAAAGTTGGGGTTCTTGGCGCGTCAATAACGTCATGGAATTTTGGCCTGCTAGCGTGTCTAA,1627640,1627656,-1,acn,R,coryneRegNet,18832313
NC_006958.1,glxR,YP_224590.1,CCTGATACAAATTCTGTTGTGACGGAAGATTTGTTGGAAGAAATTTAGATGATTGAAGCCTAAAAACGACCGAGCCTATTGGGATTACCATTGAAGCCAG,TGTGAGTTGCATCACA,TTGGCTTCAAATCTGAGACTTTAATTTGTGGATTCACGGGGGTGTAATGTAGTTCATAATTAACCCCATTCGGGGGAGCAGATCGTAGTGCGAACGATTT,1685513,1685529,-1,gapA,R,coryneRegNet,18573287;17600063
NC_006958.1,glxR,YP_224590.1,CCTAAAAACGACCGAGCCTATTGGGATTACCATTGAAGCCAGTGTGAGTTGCATCACATTGGCTTCAAATCTGAGACTTTAATTTGTGGATTCACGGGGG,TGTAATGTAGTTCATA,ATTAACCCCATTCGGGGGAGCAGATCGTAGTGCGAACGATTTCAGGTTCGTTCCCTGCAAAAACTATTTAGCGCAAGTGTTGGAAATGCCCCCGTTTGGG,1685455,1685471,-1,gapA,R,coryneRegNet,18573287;17600063
NC_006958.1,glxR,YP_224590.1,AGGCACCGCAACGTTCCGTAGGTTTCGAAGGTGTGACCTAGATAAAAGTCGGGGTTAGGCGGGGGTAATGACTTAGTAAAGTTCGCAAACCCCTTTTGCT,GGTGACGGTGATCACT,TAGTCTGATCACATCGCCAAACACGATAAGGGTTGAAATCGAAAGAAGAGTGGCACCTAGATTCCAGAGGTAGTCAGAGTGCTTTTCTTAAAAGAGTTTT,2442013,2442029,-1,aceB,R,coryneRegNet,18573287;15150232;17600063;18832313
NC_006958.1,glxR,YP_224590.1,GCAGAAAAAGTGGGCGGGGGAGTTGCTAGTACGGATGTACTGGGCAAATGCTCTGAAATGGGAAAATGCAGGCACCGCAACGTTCCGTAGGTTTCGAAGG,TGTGACCTAGATAAAA,GTCGGGGTTAGGCGGGGGTAATGACTTAGTAAAGTTCGCAAACCCCTTTTGCTGGTGACGGTGATCACTTAGTCTGATCACATCGCCAAACACGATAAGG,2442082,2442098,-1,aceB,R,coryneRegNet,18573287;15150232;17600063;18832313
NC_006958.1,glxR,YP_224590.1,CGAAGCCAGAACTTTGCAAACTTCACAACAGGGGTGACCACCCCCGCACAAAACTTAAAAACCCAAACCGATTGACGCACCAATGCCCGATGGAGCAATG,TGTGAACCACGCCACC,ACGCAAACCGATGCACATCACGTCGAAACAGTGACAGTGCATTAGCTCATACTTTGTGGTCGGCACCGCCCATTGCGAATCAGCACTTAAGGAAGTGACT,2442297,2442313,1,aceA,R,coryneRegNet,18573287;15150232;18832313
NC_006958.1,glxR,YP_224590.1,AAATCGTTGATCTAGTTGTGGAAACTTACGCCAGGAAGTATCCGCTCCACGTGAGAATCATTCCGAACGGAAAAGACCAATAAACATACAGTCCCCGTGA,TGTGACCATACACACC,ACGGGGACTGTGGCGTAGGTCTTACAAAATTCCCCAAAAAGAGTTATGATAGTACCAATAAGTTTTTGTGGCAGCCTCCTGCATTCGGCAGTCGAGACGC,2602173,2602189,1,gntK,R,coryneRegNet,18573287;16385030
NC_006958.1,glxR,YP_224590.1,CTTACGCCAGGAAGTATCCGCTCCACGTGAGAATCATTCCGAACGGAAAAGACCAATAAACATACAGTCCCCGTGATGTGACCATACACACCACGGGGAC,TGTGGCGTAGGTCTTA,CAAAATTCCCCAAAAAGAGTTATGATAGTACCAATAAGTTTTTGTGGCAGCCTCCTGCATTCGGCAGTCGAGACGCCACCAAAGAAAGGATAAGACATGT,2602197,2602213,1,gntK,R,coryneRegNet,18573287;16385030
NC_006958.1,glxR,YP_224590.1,TGCGGAAAAGTTCCCAAGGGGTGGGGGCTGAGCACCACGGATCCAATTTTGTTGCAATTTGCAAAGTTTACAGTGTTAGACTTCACAATACGATCATATT,GGTGAGTTGAAACACT,TACTTTTACGGGAAGACTTTGTTAAAGACGCAGAAGGCTCTAAGCATGGGCCGGAAATGGAATTGGCAGTGGATCTTTTTGAATACCAAGCACGGGACCT,2698316,2698332,-1,sucC,R,coryneRegNet,18573287;18832313
NC_006958.1,glxR,YP_224590.1,TGTTTTGACCGGCTAGTTGCCGGAAAACCTGCGGAAAAGTTCCCAAGGGGTGGGGGCTGAGCACCACGGATCCAATTTTGTTGCAATTTGCAAAGTTTAC,AGTGTTAGACTTCACA,ATACGATCATATTGGTGAGTTGAAACACTTACTTTTACGGGAAGACTTTGTTAAAGACGCAGAAGGCTCTAAGCATGGGCCGGAAATGGAATTGGCAGTG,2698345,2698361,-1,sucC,R,coryneRegNet,18573287;18832313
NC_006958.1,glxR,YP_224590.1,GAAACCACCCCCAAAATAGGCTATTTAAACGGGTGCTCTCATATTAAAGAAAGTGTGTAGATGCGTGTGGGCAGGGGGTAGGTCCACTGGTAATGACAAA,TGTGTCCGTTGTCTCA,CCTAAAGTTTTAACTAGTTCTGTATCTGAAAGCTACGCTAGGGGGCGAGAACTCTGTCGAATGACACAAAATCTGGAGAAGTAATGACTACTGCTGCAAT,3027280,3027296,-1,pck,R,coryneRegNet,18573287;17600063
NC_006958.1,glxR,YP_224590.1,TTGATTGTGGCTTTACCGCCCGATCGGGGTATGAAAATTCCGACCAGAAGCGCCAGTAGAAGTAAATTATTCAGTGATAACCATTGGGTATTAAGAAATT,TGTGGCTTAGATCTCA,ATTTCTGTATAGTTTGATCATACTAATTCATCCACTTCCAAATTTTCACGAAGGATCACCCCATGGACACCTGGGAACAAACCCTTGGAACAGGGCCACT,3081359,3081375,1,gntP,R,coryneRegNet,18573287;16385030
NC_006958.1,ramB,YP_224669.1,AACAGTTGCACCGTAGGTGCCTAAAAAGTTCCCGGGGCGGATGTGGCCCGACCACGCCGGGCACCTGGTGGCGGCGGGCTGCGTCGAAAAGCGAAAATCA,ACAAGTTTGCAAC,ACCTCAGTGCCAAGAGTGGTTAAGGTGATGGTGATCACGCTATAGTTGCGCCATGGGAAAGACATATGTGGGGTCCAGGCTGCGCCAACTGCGCCGCGAA,392260,392273,-1,ramB,R,coryneRegNet,15090522;17114251
NC_006958.1,ramB,YP_224669.1,TTGGCCGTGGTCAGCTGTGGGGGTTGTGGTGGGTGTGACTGAAGTTTATGAAGTTGCACGCCACGGCGTTTTGGTGATGGACGGGGGTAGTTTGTTACCG,TATTGTGACTAAT,TGTTAATTCCCCCGAGAGCGAAGAAGTTTTACATGGCGCCCCATCAGAAGTCACGGATCAACCGGATCAACAGCACCCGCTCGGTGCCGTTGCGTTTGGC,965237,965250,1,rpf2,R,coryneRegNet,18355281
NC_006958.1,ramB,YP_224669.1,GCGTGGTGGCGTGGTTCACACATTGCTCCATCGGGCATTGGTGCGTCAATCGGTTTGGGTTTTTAAGTTTTGTGCGGGGGTGGTCACCCCTGTTGTGAAG,TTTGCAAAGTTCT,GGCTTCGCAGAAAAAGTGGGCGGGGGAGTTGCTAGTACGGATGTACTGGGCAAATGCTCTGAAATGGGAAAATGCAGGCACCGCAACGTTCCGTAGGTTT,2442204,2442217,-1,aceB,R,coryneRegNet,15090522
NC_006958.1,ramB,YP_224669.1,AAACCTACGGAACGTTGCGGTGCCTGCATTTTCCCATTTCAGAGCATTTGCCCAGTACATCCGTACTAGCAACTCCCCCGCCCACTTTTTCTGCGAAGCC,AGAACTTTGCAAA,CTTCACAACAGGGGTGACCACCCCCGCACAAAACTTAAAAACCCAAACCGATTGACGCACCAATGCCCGATGGAGCAATGTGTGAACCACGCCACCACGC,2442204,2442217,1,aceA,R,coryneRegNet,15090522
NC_006958.1,amtR,YP_225155.1,GCATCCACCGCGGCAAAAAGGTGCTCTCCAGGGAGCCCGAACAGGTGGACTGGAACATCTAACAGCCCAGTTGGGCCTCCTTAAATTTTGTGGCACTCCC,CACATTTCTATCAATCTATAGAAAGTAT,GACTTAAAGTCGATTTTGCAAGTTTCTATAGATTGATAGAAAAGGGAGTTTAGATGTCTTACACATCTTTTAAAGGCGATGATAAAGCCCTCATCGGCAT,83622,83650,-1,crnT,R,coryneRegNet,15148566;16194241;16698104
NC_006958.1,amtR,YP_225155.1,GGACTGGAACATCTAACAGCCCAGTTGGGCCTCCTTAAATTTTGTGGCACTCCCCACATTTCTATCAATCTATAGAAAGTATGACTTAAAGTCGATTTTG,CAAGTTTCTATAGATTGATAGAAAAGGG,AGTTTAGATGTCTTACACATCTTTTAAAGGCGATGATAAAGCCCTCATCGGCATAGTTTTATCAGTTCTCACATTTTGGCTTTTTGCTCAGTCAACCCTA,83576,83604,-1,crnT,R,coryneRegNet,15148566;16194241;16698104
NC_006958.1,amtR,YP_225155.1,ACTATCGAGGTTCTCGGACAAGGCTAAGCGGAGGTCCCCGACGCAGAGGCAATGCTGAGAAACTATCTACGACAGCTCACCATTTTTATTTAACTCCACA,CTAATACCTGTCAAGCAATAGAATAGAT,AGCATCTGGATCCTCCAGAGTTTGAAAATATGCCTTGACATGTAGAAATGGAGTTCTTGTGCGCATTACAAACGCCCAGGTTAAGAACTACGCAGAGTTA,84994,85022,-1,codA,R,coryneRegNet,15148566;16194241;16698104
NC_006958.1,amtR,YP_225155.1,AGTCGGCCTGTCGGGGGTGTTCATCTTGAGTCATCGGTGCAAGCTTACGTCAAAATCAATAAAAGGCCGGTACACGGCGGTTTTATGCTTCATTTTTAAG,GGGGTAGATATGCAGATGTAGCGCTACT,TTCCTCTCAAAGGAAAGCAGTATATTGTCGGTTTTTTAGAGGCTCTCCCAAATATTGCGTTGGGGGAGCTAAACTAATTTCTGTTACCTGACAGAAAGGG,91040,91068,1,ureA,R,coryneRegNet,15516578;16194241;16698104
NC_006958.1,amtR,YP_225155.1,TGTCAAAATCGACCATTTTTATCTTCTTTCACGGGGTGGATAGGCGAACATCTTCTACCATATCCTGTGATGTGTAACACAAGAGCGTAATCTGACCTCC,CGTTTTCCTATAGGTTGATCGAAAGTAA,CCCTTTTGTTACTTGCGTTGCAGGTAGTGTCCCTGATTTTCTTATTATCGAACGATTGATAGAAACAGGATTAAAGTGAGGTATCCCGCATGAAACCACA,195123,195151,1,gltB,R,coryneRegNet,11700347;16194241;16698104
NC_006958.1,amtR,YP_225155.1,ATGTGTAACACAAGAGCGTAATCTGACCTCCCGTTTTCCTATAGGTTGATCGAAAGTAACCCTTTTGTTACTTGCGTTGCAGGTAGTGTCCCTGATTTTC,TTATTATCGAACGATTGATAGAAACAGG,ATTAAAGTGAGGTATCCCGCATGAAACCACAAGGACTCTACAACCCTGCGCATGAACATGACGCCTGCGGTGTGGCGTTTATTGCGGATATCCACGGTCG,195192,195220,1,gltB,R,coryneRegNet,11700347;16194241;16698104
NC_006958.1,amtR,YP_225155.1,TTGTACGCCGGCGTTGCCTGCTTGTCGACGTTTTTTGCCACTTCCCTTAATTCGGGGGTGGCTGAAATGTAAGACACGTCACTACATTTAAGCTCAAAAA,CAACTACCTATAGGCTGACAGAAACTCT,AAAAACTATAGAGCTATAGAAACTTTAACTTCGGAGGTATTCATGTCCCGTCCAATCGTTAAACAAGCATTCACCGTCACCGCAGTCACCGCGATGGCTT,988138,988166,1,urtA,R,coryneRegNet,15516578;16194241
NC_006958.1,amtR,YP_225155.1,GACGTTTTTTGCCACTTCCCTTAATTCGGGGGTGGCTGAAATGTAAGACACGTCACTACATTTAAGCTCAAAAACAACTACCTATAGGCTGACAGAAACT,CTAAAAACTATAGAGCTATAGAAACTTT,AACTTCGGAGGTATTCATGTCCCGTCCAATCGTTAAACAAGCATTCACCGTCACCGCAGTCACCGCGATGGCTTTTGCCCTGGCATCATGCACCCGCGCA,988164,988192,1,urtA,R,coryneRegNet,15516578;16194241
NC_006958.1,amtR,YP_225155.1,CCTCACCCGGAGCCGATGCATAAGGGTGATAGCTGCTCAACGTGCCAAACGGAAGGTTTAATTGGTCTACATGTGTCAGTCTCATGGCACTATAATAGAC,CTAGTATCTATAGATTGATAGAAAATAA,TTTAGGAAGTTTCCATGAACTCTCCCCTACAACACAGCGCCTTCCCCGTCCCCGGCGCGCAACTCTCCACCTCATACAGCGACGAACACGGCCAAGCCGT,1197398,1197426,-1, -,R,coryneRegNet,16194241;16698104
NC_006958.1,amtR,YP_225155.1,ACGGCTTGGCCGTGTTCGTCGCTGTATGAGGTGGAGAGTTGCGCGCCGGGGACGGGGAAGGCGCTGTGTTGTAGGGGAGAGTTCATGGAAACTTCCTAAA,TTATTTTCTATCAATCTATAGATACTAG,GTCTATTATAGTGCCATGAGACTGACACATGTAGACCAATTAAACCTTCCGTTTGGCACGTTGAGCAGCTATCACCCTTATGCATCGGCTCCGGGTGAGG,1197398,1197426,1, -,R,coryneRegNet,16194241;16698104
NC_006958.1,amtR,YP_225155.1,AGTCTATAAAACCGCAGGTTAAAACGCTGCCATAGGGGATTTTTCGGCTGGGGAGACGTGGTGTAAGTGCGGGTTAAAAACGTGACCTTCGTTATAAAAA,CAGAAATCTATAGAACGATAGGTAAAA,ACTGGACTAGGTTTATCTATAGCGGAATAGAAAATACTCCGCTCGACAGCATCACTTAGCTGAAAGGCCTTTAACATGGACCCCTCAGATCTAGCCTGGA,1678165,1678192,-1,amtA,R,coryneRegNet,10972815;16194241;16698104
NC_006958.1,amtR,YP_225155.1,GGATTTTTCGGCTGGGGAGACGTGGTGTAAGTGCGGGTTAAAAACGTGACCTTCGTTATAAAAACAGAAATCTATAGAACGATAGGTAAAAACTGGACTA,GGTTTATCTATAGCGGAATAGAAAATAC,TCCGCTCGACAGCATCACTTAGCTGAAAGGCCTTTAACATGGACCCCTCAGATCTAGCCTGGATTCTCGCAGCTTTTGCGTTGGTAAGCCTGATGTTCCC,1678128,1678156,-1,amtA,R,coryneRegNet,10972815;16194241;16698104
NC_006958.1,amtR,YP_225155.1,TTAGGACTCTGAACTAACAAGGCTCGTCTCCGACCTTGCCTTGAGAATTCCTAGGCTTAGCGAAGTTTAACTTGGCCACATTCGCACGCTTATTTAACAC,GCAATATCTATCATGTGATAGGTAAATT,TCGGACAGGATCGGAGACTACCCCCAAACCTTGCCCCCTACCGACCTGCGAAAATGCTGGTAAATGTAGTGCTATTTGTTTCAAAATGGACTCATTCACA,2029627,2029655,1,gluA,R,coryneRegNet,14638415;16194241;16698104
NC_006958.1,amtR,YP_225155.1,AAATTCACGAAAGTTTGCGCAATCGTTTTCGCCCACGCCTTCCCCAGTACACATTCCGTTCACACTATTTCGGGGGTAGGGCAAATAACGATTCATCTCA,CAAATTTCTATCAAACTATAGAAAGATA,TTTGCAAAATTGGCACAAACTCCCAGCTCGCTCCGAAAAACCTAGCAACTTAGTTAATTTTCCCTCACAAAAATTTAGGACACAGATCTCCATTCAAGTT,2070069,2070097,1, -,R,coryneRegNet,16194241;16698104
NC_006958.1,amtR,YP_225155.1,CCCGATAAGCGAGAACCACCTGTCGGATGTTGTCTGGCAGGTGGTTTTCTTTTGCCTGGGTACCACCAAAAAGCAGCTGTGATGCACTTAACAATTCATT,AAATTACCTGTTAAACTATAGAAAATAT,CCAAAACCCTCCAAAACCTATTCTATAGATCTATTGAAATTAGTTTCTGTAGGTCTATAGTTAGAGCTGGTTCAAGGGGTGTCAATCCCAAAAGGCACTC,2143674,2143702,-1,amtB,R,coryneRegNet,10972815;16194241;16698104
NC_006958.1,amtR,YP_225155.1,AAAAAGCAGCTGTGATGCACTTAACAATTCATTAAATTACCTGTTAAACTATAGAAAATATCCAAAACCCTCCAAAACCTATTCTATAGATCTATTGAAA,TTAGTTTCTGTAGGTCTATAGTTAGAGC,TGGTTCAAGGGGTGTCAATCCCAAAAGGCACTCCTTGAACTCATGAAAAAGCTTGACAAAACTTCAACGTCAAAGGAGGTCATCCACGCTATGGGTGCAG,2143607,2143635,-1,amtB,R,coryneRegNet,10972815;16194241;16698104
NC_006958.1,amtR,YP_225155.1,GCGGATACTGCAGTCAAAAGGCGTTGCTTTTCGACGTCGCAAAGCGCAATTTCCTACCTTTAAGATCCTAATCTGTTGAGGTCAGCCACAATTTTTCAGA,AAAGTTTTGATAGATCGACAGGTAATGC,ATTATACTGACAACGTCGCAAGGACTACATTTGCAGCCAAGTCTACTACTTGATCTTCAAAGGTCAGCAATTGTGAACAAAGCTACAAATAAACCGTTCC,2320349,2320377,1,glnA,R,coryneRegNet,11445173;16194241;16698104
NC_006958.1,ripA,YP_225275.1,AGGGCGTCGATAAGCGTGCGCACGTCGATCCACTCGGACCAGATGCCTGCGTTGCTCGCGTCGGTGGCACCGGTGTCTTCGTATTCGACGATGGATTTGC,GGGGGCGTGCCATGTCGT,GTCGGATGTTGTCGACCCAGACGCGCCGGGCTAGCGATAGTAGCCAGGTACGCGCCGAGGAGCGCGCTGCGAAGCGGGGGAGGGCGCTCATGACCCGCAG,273828,273846,1,katA,R,coryneRegNet,16179344
NC_006958.1,ripA,YP_225275.1,TCTTCGTATTCGACGATGGATTTGCGGGGGCGTGCCATGTCGTGTCGGATGTTGTCGACCCAGACGCGCCGGGCTAGCGATAGTAGCCAGGTACGCGCCG,AGGAGCGCGCTGCGAAGC,GGGGGAGGGCGCTCATGACCCGCAGATAAGTTTCTTGGGTTAGATCGTCGGCGATTTCGTGGCCGCCAAGGTGGGCGAGGAGACGCCAGACATCGTCTTG,273903,273921,1,katA,R,coryneRegNet,16179344
NC_006958.1,ripA,YP_225275.1,GTTAGAAACTGTTCGGATCGGTATCCTGTGAGGAAGCTCACCTTGGTTTTAGAATGTTGAAAAGGCCTCACGTTTCCGCAGGTAGAGCACACTCAATTAA,ATGAGCGTCAAACGACAA,TAAAGTAAGGCTATCCTAATAAGTGGGGTTTTATGTCTCTAAACAGCCAGTTGGGGGTCATGGGGGAGCGCCCCGTGACTGGTTAATGCCCCGATCTGGG,392556,392574,1,sdhCD,R,coryneRegNet,16179344
NC_006958.1,ripA,YP_225275.1,GTAGAGCACACTCAATTAAATGAGCGTCAAACGACAATAAAGTAAGGCTATCCTAATAAGTGGGGTTTTATGTCTCTAAACAGCCAGTTGGGGGTCATGG,GGGAGCGCCCCGTGACTG,GTTAATGCCCCGATCTGGGACGTACAGTAACAACGACACTGGAGGTGCCATGACTGTTAGAAATCCCGACCGTGAGGCAATCCGTCACGGAAAAATTACG,392637,392655,1,sdhCD,R,coryneRegNet,16179344
NC_006958.1,ripA,YP_225275.1,TCAATTTCTCCTCAAGTGGGGGTAATTAATCCCCTTTTTCAGTTTAATTAATTTTGCCGAATCACGAATGTTGATATAAGCACAAATTCGTTTACCTGCA,TAAAGTGAATTACGACAC,AAATATGTTGCCTAATTAAATACGGAAAACCCCGTTGAAAAACATGCGGGCGCAGGTCAGAGCTGTTATCTTAGTACTTATCACAGCCATAGGGCGGGCT,1255499,1255517,-1,narK,R,coryneRegNet,16179344
NC_006958.1,ripA,YP_225275.1,CCCCGTTGAAAAACATGCGGGCGCAGGTCAGAGCTGTTATCTTAGTACTTATCACAGCCATAGGGCGGGCTTGACGGAAAGCCTTTCCGCGTAACCATGA,AGAGGCATCACGTGACAC,AACTCAACACCAAAGGCGTTGTTCTGCAAGGGTGGGATCCAGAAGATCCTGAACATTGGGACTCGAAAATTGCATGGCGAACCCTGTGGATTACCACCTT,1255352,1255370,-1,narK,R,coryneRegNet,16179344
NC_006958.1,ripA,YP_225275.1,AGTCCTCGATAATTTCTTGCTGTCCCATACCTTGAATTTAGCATTTCACCCAATGAGACGTGGTGAAGGGATTCACTGTGTGTGGGGGTATAAAAAGATT,TTGGGCGGGAGGTGACAT,TTATGCCTCTTAATAGCTATACTGTCCCATGAAACGATATTTTAATCTCATATAGTGAGATTTACAGATTTTTAAAGGACGGTGAGTTCCATGACCAGCC,1381798,1381816,1,leuC,R,coryneRegNet,16179344
NC_006958.1,ripA,YP_225275.1,CCCCATTGCCACGGCATCATCACCAAGCTCCGAAGCGAGCTGCTTGAGATCAATATTTTCTGGAATCATCTAAAAACCTTCATTAGTGTCGGGCTCACGA,AAGAGCGGGAACCGACTT,TACTCAATAAGCAATGGGGGTGAGTAAGGGGGTGATAGAAAGTCACATCACGCACGTACCCATTTCGAGCAAATCCGACAAAACCGCTGCCTAGGGACAT,1627423,1627441,1,acn,R,coryneRegNet,16179344
NC_006958.1,ripA,YP_225275.1,TTCTGGAATCATCTAAAAACCTTCATTAGTGTCGGGCTCACGAAAGAGCGGGAACCGACTTTACTCAATAAGCAATGGGGGTGAGTAAGGGGGTGATAGA,AAGTCACATCACGCACGT,ACCCATTTCGAGCAAATCCGACAAAACCGCTGCCTAGGGACATTAGACACGCTAGCAGGCCAAAATTCCATGACGTTATTGACGCGCCAAGAACCCCAAC,1627480,1627498,1,acn,R,coryneRegNet,16179344
NC_006958.1,ripA,YP_225275.1,TGAACGCTTGCCAAATTTGAAACTGGTGTGGACATGTGAACCTCCAAGAGAGTGAAAAGAAGTTGGTATTGCCACCGCGATGTCGTTTTCGTTTTTGCTT,TGAAGCGGTGTGTGACAT,TTGCGAGCAATTCCGCAGTGTCGATGGCGTATGACCAACAGTGCCCGATCAATGAAGTGAATCACATTAGGGGAATTCCTAGGGTTTGCTCGGGGGTAGG,2516886,2516904,-1,catA,R,coryneRegNet,16179344
NC_006958.1,ripA,YP_225275.1,ACTGCTAATGGTGCCCTGCTATCAACCCTCCATGATACGTGGTAAGTGCAGACTAATAAAGGCCAGTCGGGGAGTATTGGGGGCTTTGCTGGGGTCAGAT,TTGTCACGCTGCGCGCTT,TCATAGACCCCATTAATGGGGGGTGAAGAGCTGTAAAGTACCGCTAAAAACTTTGCAAAGGGTGCTTCGCAACTTGTAACCGCTCCGTATTGTTTTCTAC,2911503,2911521,-1,pta,R,coryneRegNet,16179344
NC_006958.1,ripA,YP_225275.1,AAATTACAAAATAAAACTTTGCAAACCGGGCTGTACGCAAGGCGGACGAACGCTAAACTATGTAAGAAATCACAACCTCCCCTCATTAGTGCCAGGAGGC,ACAAGCCTGAAGTGTCAT,CAATGAGAAGGTTCAGGCTGAAATTAGAAAGGCGATGTATGTCTGACACACCGACCTCAGCTCTGATCACCACGGTCAACCGCAGCTTCGATGGATTCGA,2911236,2911254,-1,pta,R,coryneRegNet,16179344
NC_006958.1,,YP_225447.1,CTGCGAAGGCGTGGGCATAGGGAAAACCTTAGCTGATCTGCGGTGACTTAAATATAAGGGGGTGGAATGGGGGTATTGTAAAATCTGAACCCTTGTTCAT,TTATGAATCATGATTCAGAA,TGTGATCTAGATAATGTTGTTCAGTTCACTATTCAAGAAGGGTTAGATCCCATGTCACCCAATAACTTCGATACCGATGTCTGCATCGTCGGTGGAGGTC,1214665,1214685,1, -,R,coryneRegNet,16963551;17183485
NC_006958.1,ltbR,YP_225599.1,AAGTGAAAACAACTTGAGGTGTCAGGCTCGCTTAGTTAGCGCGCCACCACCACTGGGTGCTTTGACTGAGACAAGAGTTATTCACAAAATGGGACTTTAT,CACATAGTGGGA,AGCTTGTCTCAATTATTAATCATTTTTGGGTTCTTGCGTAGTTTCCGCAGCTCTACGCACTGCATCCAAGTCAATCTTGGGGGCATTCAGCGGAGTCTTG,3206431,3206443,-1,trpE,R,coryneRegNet,17259312
NC_006958.1,uriR,YP_225653.1,AATCATTAGCCTTCTTATTCACTTCCCGGGATCACCACCCCCACTTCCTACCCCTGTTGCCAACATCGCCTTGCACGTAATAGGTTAAAACACAAGTGAA,TGTAATCGTTTGCA,GCAATCGATTACATAAAGGTAGATAATGAGATAAAGCGAGGCGCTATGGCGACGGAAAAATTCCGACCGACTCTTAAAGATGTCGCTCGTCAAGCAGGTG,1434124,1434138,-1,uriR,R,coryneRegNet,18375800
NC_006958.1,uriR,YP_225653.1,CTTATTCACTTCCCGGGATCACCACCCCCACTTCCTACCCCTGTTGCCAACATCGCCTTGCACGTAATAGGTTAAAACACAAGTGAATGTAATCGTTTGC,AGCAATCGATTACA,TAAAGGTAGATAATGAGATAAAGCGAGGCGCTATGGCGACGGAAAAATTCCGACCGACTCTTAAAGATGTCGCTCGTCAAGCAGGTGTCTCCATCGCCAC,1434111,1434125,-1,uriR,R,coryneRegNet,18375800
NC_006958.1,argR,YP_225686.1,TTCATGCTTTTACCCACTTGCAGTTTTAGCTGTAGGTGGGTTTTTGCATGTCTAACCCGTCTTTTATGCACACCCCCGCAATGAATCAAAAATTTATGCA,TGAATAATTTGCA,TGATCATGCATAACGTGTATGGTGTAACTATGACAATCAAGGTTGCAATCGCAGGAGCCAGTGGATATGCCGGCGGAGAAATCCTTCGTCTCCTTTTAGG,1465507,1465520,1,argC,R,coryneRegNet,
NC_006958.1,arsR1,YP_225794.1,ATCACTGGACAGGGGTCCCGTAGCAAGGGTGCAACACTCGGTTGGATTGGCTAATTGAATTGTGTGGAGAGTGGTCATAAATCCACTATATATTGACGAA,TGTCGATATTGAAAGTATTTTGAATATCGACA,GGTATCAATATACCGAAAGGTGTCGCATGACAAACTCAACTCAGACGCGGGCCAAGCCAGCCCGAATCTCATTTCTTGATAAATACATTCCACTTTGGAT,1594811,1594843,1,arsB1,R,coryneRegNet,16204540;17061211
NC_006958.1,acnR,YP_225825.1,CGAGCAAATCCGACAAAACCGCTGCCTAGGGACATTAGACACGCTAGCAGGCCAAAATTCCATGACGTTATTGACGCGCCAAGAACCCCAACTTTCCCGC,CAGAACGCTTGTACTG,TTAGGATAATGAAGACGTAGGGTCCTTTTCCACAGTTCTGTGGAATGAGAATCCGATGTTTTTCTCACGCCGGCTCAGCCGAAGCAGACGCCGTCGCGAA,1627606,1627622,1,acn,R,coryneRegNet,15494411
NC_006958.1,sufR,YP_225850.1,CCTTTGGTTGGCTTAGGGTTCGCTTAGTTTTTATTTATTGATGATTTTTCTACGTCTATTTGCGCTGGTAGGGGGGAAGGGATTGGACACGGGAATGGAA,TTAGGGAACACTTGTGTTGTCTAA,AGGTGAAAGCTAAATCAAGCAGGAGGTGACACCAGTGGGAGATGTTGTAAAAGGCAACGACGCGCACACCGGAGACGGTGATACGCGCCGAAAAATTCTT,1655078,1655102,-1,sufR,R,coryneRegNet,17483229
NC_006958.1,,YP_225925.1,TGTTTTCCATGGTGAGCGAATCGTGATGGTGTGTGCGGTAGAGATTGCAGGTTGTGGTTATGATGTGTTCGCGGCGTTTTAGTGCGTCTGCTCTCATGTT,GTTGTCCTCTAGTTGACAGC,GGGGGTGGTGGTGGTCCTAAAATAGCCTACGATAACTGATAGTGTTTCCTCCACTTACGGAAGAAGATACATGAATACCCCTCTTTTGAGAAGCTCTGGG,1742758,1742778,-1, -,R,coryneRegNet,
NC_006958.1,,YP_225925.1,CCCAGAGCTTCTCAAAAGAGGGGTATTCATGTATCTTCTTCCGTAAGTGGAGGAAACACTATCAGTTATCGTAGGCTATTTTAGGACCACCACCACCCCC,GCTGTCAACTAGAGGACAAC,AACATGAGAGCAGACGCACTAAAACGCCGCGAACACATCATAACCACAACCTGCAATCTCTACCGCACACACCATCACGATTCGCTCACCATGGAAAACA,1742758,1742778,1, -,R,coryneRegNet,
NC_006958.1,gntR2,YP_226002.1,CTGGAATCATTCGGGGACGTGATGCGGTGGAGGGGTGGTGCGGGCATAATCTGACAGTGTGTCCGTTTTCATTTTCAAAAAATGCAGGTCGGACATATTC,AAAAGTATTACCTTT,TTGGTTTGTCTGTATTCAGCTTGTTTTGGGTGGGTTTCCGGCTTATCATGATGGGTGACTTACCGCTTAATTGGAAAAAAGTGTGATCCACCACAAATCT,1424357,1424372,1,ptsG,A,coryneRegNet,18047570
NC_006958.1,gntR2,YP_226002.1,CAGTGTTGCCGTTGCGGGCGAAGTTGCGGGCGAGGTTTGAGCCCATTACTGCTAGGCCTACAACGCCGATCTGTGCGAGATTATCTCCATTAGTCATGTT,ATTGATCGTACTTGA,CGGCATAGCCCGGTGTCAGCAAAATCGGCCTAAAAGGTGTGACCATTTGGGGGTAGTGGCGATTTTACCAGGTCACAGGAGGTGAAAATCCAACCATTTT,1533262,1533277,1,gnd,R,coryneRegNet,18047570
NC_006958.1,gntR2,YP_226002.1,TTCCGAACGGAAAAGACCAATAAACATACAGTCCCCGTGATGTGACCATACACACCACGGGGACTGTGGCGTAGGTCTTACAAAATTCCCCAAAAAGAGT,TATGATAGTACCAAT,AAGTTTTTGTGGCAGCCTCCTGCATTCGGCAGTCGAGACGCCACCAAAGAAAGGATAAGACATGTCAGCAGCCGAAGGCTTACATATTGTCGTCATGGGC,2602233,2602248,1,gntK,R,coryneRegNet,18047570
NC_006958.1,gntR2,YP_226002.1,GTATGAAAATTCCGACCAGAAGCGCCAGTAGAAGTAAATTATTCAGTGATAACCATTGGGTATTAAGAAATTTGTGGCTTAGATCTCAATTTCTGTATAG,TTTGATCATACTAAT,TCATCCACTTCCAAATTTTCACGAAGGATCACCCCATGGACACCTGGGAACAAACCCTTGGAACAGGGCCACTGCTAGGCATTGCAGCCGGCGCCATTGC,3081387,3081402,1,gntP,R,coryneRegNet,18047570
NC_006958.1,dtxR,YP_226162.1,TCCGCCTAGGTAAAAAAGGCGTAATTAACTTATTTATACATAAAAACACAATAAAAACCGCACACGCGGCGAAACTTCAATAAATCCCTAGACTGCAAAA,AATGGTTAGGCTAACCTTA,TTTCCAATGAATGTGAATCAACAGTTGGGAGCCCGCACCGCCATGAACCACCCTGAGACCGCAACCGTCCTTCGCTCCATCTCTGACATGGTTAGCACCG,136548,136567,-1, -,R,coryneRegNet,16469103
NC_006958.1,dtxR,YP_226162.1,AACATACTCTGCGCCCACCTTTCGGAAAATGGTGAATCCTAACGGCTTTAGGGGCCTGTAAGGCGAAACTTATTGCGGGGGTACGTCTTGGGGAAAGAGT,TAAGGATAACCTTGCCTTA,ATTATTTGAGTTACAGTAATTTAAGTGAATGCATTTTTGTCTCCTGCCTCTGGCCAAACCTGCCAAAGTTGTGGCCCCGCTCCTCGGCGTCGCACTCCTT,352646,352665,1, -,R,coryneRegNet,16469103
NC_006958.1,dtxR,YP_226162.1,CGGTATCCTGTGAGGAAGCTCACCTTGGTTTTAGAATGTTGAAAAGGCCTCACGTTTCCGCAGGTAGAGCACACTCAATTAAATGAGCGTCAAACGACAA,TAAAGTAAGGCTATCCTAA,TAAGTGGGGTTTTATGTCTCTAAACAGCCAGTTGGGGGTCATGGGGGAGCGCCCCGTGACTGGTTAATGCCCCGATCTGGGACGTACAGTAACAACGACA,392574,392593,1,sdhCD,A,coryneRegNet,16469103
NC_006958.1,dtxR,YP_226162.1,CGACACAAGAAAATGATGCCCTGCGCTCTGAAAGCCGTAAAAGTTTCAGGGGCAGGCCATCATTTTGTTTGCATCAAAGTAATCAACGCACAAATGAAGT,TAAGGCTATGCTAACTTAA,ATTGTTTCAATTTCAGAACCCGCCAAAAGGTTGATTCCCCCCGACCTTTCACAGAGCCCGAGACGCCATCATGACTTTTCAAAATGCAGCTTTCCCCAAT,410545,410564,-1, -,R,coryneRegNet,16469103
NC_006958.1,dtxR,YP_226162.1,ATTGGGGAAAGCTGCATTTTGAAAAGTCATGATGGCGTCTCGGGCTCTGTGAAAGGTCGGGGGGAATCAACCTTTTGGCGGGTTCTGAAATTGAAACAAT,TTAAGTTAGCATAGCCTTA,ACTTCATTTGTGCGTTGATTACTTTGATGCAAACAAAATGATGGCCTGCCCCTGAAACTTTTACGGCTTTCAGAGCGCAGGGCATCATTTTCTTGTGTCG,410545,410564,1, -,R,coryneRegNet,16469103
NC_006958.1,dtxR,YP_226162.1,CCGTACTACAGGTGAAAAATACGGTTTCACCAGCTTAGATACATGACTAACTAAGGTTACCCTACCCTCTTTGGGGTAGGGCTCTTCCATTTTTGCCAGG,TTAGGTTAAGCTAATCTAG,TTTTTATTGCGTTATCGAACAGGAGAACAAAAATGAACAAGCTTGCCACCCGTGCGCTCGTTGCTCTCACGGGATCCGCCATCGCCATGACCGGCCTCAC,415590,415609,1, -,R,coryneRegNet,16469103
NC_006958.1,dtxR,YP_226162.1,CAGAGAAGCCCACTGAGGATTCTTAAAAGGGCTTCTTTAAAAAGATTTTCAATACCCCTGTAATCGGGTGTGATGCATTCAATTCACTCAATCAATTCAC,TTAGGCTTGCCATACCTAT,ATATTGAGTGAATGACCTCCGTTATCCCATCCAGCGCAGACAGTGCCACAGAGCAGCGCTTCGCGCCGCTAAAATCCGTACCCAGCAGGATCACGGACAT,471023,471042,-1, -,R,coryneRegNet,16469103
NC_006958.1,dtxR,YP_226162.1,CCAACTCCTCTGAAGCGCTAAAAATTCATACGTTTAGCAATCGGTTTTCCTAAAGATTTCCCTATAGTCCCATGAAACTTATAGCACGGGGGATTTTCAT,TTAGTAAAGGCTCACCTAA,GATGTTCTAAGCGTTTTAGTTTCAGCTAGTTTTAAGGACTTTCGATGTCTCATACTTTTCTTTCCCCCTCGATCTTTAGGAGTCACGCGATATGACGGCG,531881,531900,-1, -,R,coryneRegNet,16469103
NC_006958.1,dtxR,YP_226162.1,TAGGGCAGTCTCCGAATAAGGCTCTTTAGCGCTGGGCATGTGACTTTAAAAGCGCACTAAGAGCTCGTCAATTCTTTAAAACAAGCTGAGAATGTGAATA,ATAGGATAGGTTAACCTGA,TTCGATTAGAAAACGGAGATTTGTCGTGCAATCCCGCCTGTCCAAAATCCTGCGCAGTAGCGTCGTAGGCGTTGCTGTCCTAGCCCTGTTAGCTGGGTGT,660959,660978,1, -,R,coryneRegNet,16469103
NC_006958.1,dtxR,YP_226162.1,CTCACCGGCACTATTGCAGACAACAAATGTGCGTACTTAGCCACCTTTCAAAAGGTTGTGACGTGAGACATTTCCTCCAATACCTCTCCAGTGATATTCT,GTCGGGCAGCCTAACCTAA,GTTATTCCGTTGTTGTTCGAGAAAGAGAGAGAAACTTTTCATGCGTACGTCTCGCGTTCTAGCCGGCATTCTTGCCGCAACCCTCACGGTGTCCCTCGCG,686438,686457,-1, -,R,coryneRegNet,16469103
NC_006958.1,dtxR,YP_226162.1,AGGCGGCGCAACCTTTGCGGTTGTGCCGGTCTTTTTTGCTTGCCGACGCCCACCCCCACGTCTAAGTTTTCCCCTATTTACACACACCTGACCGAAGCTG,TAAGGTTTGCCTAATCTTT,TTCAATCTAAAGTCAGGATATTCACAGCCCATGTCATCTCGCAGAAAACTCTCCTCCGCACTGATCGTGCTTCTCGCAGCAGCACTACCTCTTACTGCTT,851744,851763,-1, -,R,coryneRegNet,16469103
NC_006958.1,dtxR,YP_226162.1,GGGTGACAGGGTTAGCTAAGACCTGCGCGTATGCAACGAAAATATGTGTCTTAAGTCGCAAAGGTTTGGCTTGGTTAACTAGCTGTGTTAACTTTCATCT,TTAGGTAACCTAACCTCAC,TAAAACTCTGGGAATACTCTGGCAGTTTTGGTGGATTATTTTTATAGACTTTCAAAGGACGACATGGTGAAAAACCGATTCAAGCTAGTTTCAATCGCAA,852738,852757,1, -,R,coryneRegNet,16469103
NC_006958.1,dtxR,YP_226162.1,CTCAACGGCATGGCAGATATGTTCGAGAAGGCAGCTCAGTAGGGGATCGATCCCACACTGACCCCTAAGTAATGCGCAAAGTTTTATGCGTAAAAATTTC,TTAGGTTAGGCTCTAATAT,GAAAGGCTGTCTTGTAAAGAACAAGGCAGCCTTTTTACTTGTCTTAAATAAATATTTTGAATTGAGAACCAAGACCTCGTTTTGGCCGCAAGTTCTCGTT,853895,853914,1, -,R,coryneRegNet,16469103
NC_006958.1,dtxR,YP_226162.1,GAAAGAGTGCAGCGGTGTCAGTGAAGAAATACTCACGAAATAAAGCTCCTAAGTCTTGGAATGGGCTTCTTGGACCCATGACCACTTACGAATGCGTAGG,TTACGTGAGCGTAGCCGAA,ATAGATGACTAAACCCTCATGTTTTTCTGGCAATTTCTTGTTTTTGCAGGAAACAAACCTTTCACCGTGAGCAACATCACAAGATAACGGTGTCGTTAAA,887059,887078,-1, -,R,coryneRegNet,16469103
NC_006958.1,dtxR,YP_226162.1,GGAGGTGGGCGTCGAAAAGCAAAATGCTTTCAAAAGGCCTATGGCTGAATTAGTCTCTTGCAATACTTCGCATCTGGAATGTAACATCATTTCGAAGATA,TGAGGTTAGCGTAACCTAC,ATTGTGAAATTTGCTTGTAGTGAGGATGAGATATGAGTTCTGCCAGCTTGTTGTGGTGCCATTCCGGTGTGTCAACAGTTCGTTTTGGCGAGAGAATTTT,1042343,1042362,1,ripA,R,coryneRegNet,16179344;16469103
NC_006958.1,dtxR,YP_226162.1,GGTTCTAAACCCTTTTTAAGAAATTGGCTGCCCTCGCATGACTGTGCGCGGGCGGCCAATTTTTTCTTTTGTGGGGGTGCCTCTTACGCATTTCCTGAAT,TTTTGTTAGGCTTGCCTAG,GTCAGTTAAAGATATATCGATAAGAGGTTTTCCATGAACACTCCAGCGCCCCGCAAACGACGCGAAATGAAAATCAAGACAGCAACCGTCACTGGTGTGC,1314685,1314704,1, -,R,coryneRegNet,16469103
NC_006958.1,dtxR,YP_226162.1,CTGAAGTCGTGTGATGAGAAGTTGAGCGCGCGAAGTTGAGGGGGAGAAGTCGCCTATTGGGGGTTATTTTCGATGCCCGATCACAGTAATCTCGAACAGG,TTAGGTAAGGTTTGCATAC,TTTATTTTTATCCTGAAGGGACGGGCGCCAATGAAAAAGCGTGTCAGTTTATTTAAGTCAGCTGCATCGATTGTGGTGGTTGCGGGAATGGCGTTGGGTA,1323811,1323830,1, -,R,coryneRegNet,16469103
NC_006958.1,dtxR,YP_226162.1,CATTGCCCACTAACTCTAGTCGGTGCTGGTTGAAAAGTGATCATGGGAACTTTTAATCGCTGAGCTAGTGCTTTTGCGACACACCTCTTGCGAATGTTGA,TTAGGTTAGGCAAGCCATA,TTTACAGGGTGTTGTGAAAGCATAAGGGAGCAAGGAAACATGGGCAAGGGATTTACCGGCGCTATTTTGACCGTCATGGGCGTGAAATCGCATATCGCCA,1530894,1530913,1, -,R,coryneRegNet,16469103
NC_006958.1,dtxR,YP_226162.1,CCTTGTACGAATATCTCAAAAATCCTGACTAGATTGAGAATCAACTATGCGACAAGTCAACTTGCATACCAGTATCCGAGCACATCCACCCCCGAAAAAA,TTAGGTAAAGCTTGCCTAT,TTAAGAAGAACTGCTATAAGATCATCCATACATGCAGAGCACAGCTTTCACACATAGACATCACTGCACATTTATCTAATGGGAGACTCAATGACAGTTG,1811915,1811934,1, -,R,coryneRegNet,16469103
NC_006958.1,dtxR,YP_226162.1,ACTTTTAGAACTAGAAATGAAAGTTAAAAAACTTAGGTCTTTAGAGCACCGACAACCCCTCATCCGAGCTCAAAAATTTGTACTCGGCTGCCCTTGCGCA,TTAGGATTCTCTCAACTAA,GACATGTTCACCACGGCACCAAAAAGACACCATTTTATGCCGCACATTTGTTCACTACATTCACTGAAAAATCTTGTTGACCACTGACAACTAGCAAGAA,1879565,1879584,1,cglIM,R,coryneRegNet,16469103
NC_006958.1,dtxR,YP_226162.1,AAAAATACTTCTTCGCCCAAAGCTGCACCTCGGCGCCATGCGCCTTCCAAAAAGGCATTGCTTTTCGACGTCCCCCTACGCTTCGATTTTGCAAAATTAT,TTAGGCAAGGCTACCTTTT,GCCTATGCATATGAAGATTAGCCGGCGCGCATTCCTCGGCACACTGCTCGGCGCCACCACCCTTGCTGTAACTGCCTGCGCGCAATCCTCTCAAAACCAA,2118251,2118270,1, -,R,coryneRegNet,16469103
NC_006958.1,dtxR,YP_226162.1,AGAAGTAGTACACCGAAAGTGGCGTCGCAGGGATGTTCCTGCGGCACCATTTTTGCTGAGGTGGAACTCACGGATTAAACACGGATTTTTCTAAGGTTAA,TCAAGTAAGGTTTACCTTA,TGACTACGAAACCTATCATCCCAGAATCAACCCACTCCGCAGAACGTGCTGGTGGACATTGGATCCTTGCCAGGCTTGGAAAGAAAGTGCTGCGCCCTGG,2195161,2195180,1, -,R,coryneRegNet,16469103
NC_006958.1,dtxR,YP_226162.1,GAAGTCTTCTGGGGTGTGGACTCTATGGAGCAACGTGAGTTTTAGGTAGGTGGTGGGAGCCCCAAAGTTGCGGAAAATTGTTCCAACTAAGGGACTATAT,GTAGGTGTGGGTAACCTAA,GTTAATCTTTTGTGAGCGTGAGGATTTCTCTGAGGAATCTAGACGCAGATTAACTTCCGCTTGGCAGCGACCGGGATAACACCGCGGTTGCGGCCACGCA,2331209,2331228,-1,hmuO,R,coryneRegNet,16469103
NC_006958.1,dtxR,YP_226162.1,TTAGAGAAAACCTTTAATGTGAAACAGGTCTCAAACTGGGCCATTTTCAAGCCTTCAAAAAGGTGGGAAACTTAGCCAATCCAAAGCCCAAAAATGCGGG,TTATGCTGCGCTAACCTAT,GCTGACAGCCTTGCGGAAGTTGTGTACGTTAGGGGCCATGACAATCAACGAGAAGATCGCATCAGCTTTCAACAACCAAGTGACTGCAGAGCTTGAAGCT,2646421,2646440,1,ftn,A,coryneRegNet,16469103
NC_006958.1,dtxR,YP_226162.1,CCAAACACTAACAAAAATCTTTTACACATAGAAGAGTTCTATGACTTGATCCACAATGTGATGCAAATCATTGACCCTCACCCCGGACCAAGCGCTTAAT,GAAGGCAAGCCAAACTTAA,CTAGTAGATAGGATTGCAATGACCGAATCGCAAGATCTCGCCGCATTCGTGGAAGCTGCCAAACTCAATGATGCAAGCCCCGAAGCCGTAGAGCAATTGA,2656555,2656574,1, -,R,coryneRegNet,16469103
NC_006958.1,dtxR,YP_226162.1,AGGGCATGAAAGGTGCGCATGCCTCAGTGGTGATTTAAGAGGCCGAGTTTTTGGAATGAACATAGATGTGGTCGCGACACTTTCAGGCCCTTAGAAGCGA,TTCTGTGAGGTTAACTTTT,CTGGGATCTTGGCCGTGAAATCACTCTCTTCGAGCCAGACCAGACAGGCGTGACAAAGCCAAGTGAATTTCCAGATTCCTGTCACCCAGTCCGGTTTTCC,2941480,2941499,1, -,R,coryneRegNet,16469103
NC_006958.1,dtxR,YP_226162.1,TTGGTCTGTAAACGTAGCAGCGAAATGCGACAATGCGAAGACTTTTGCTTAATTAAATTCAAACTCCATGAAAAAACTAGACAGATCGGTCTATTATATT,CACGGTGAACCTAACCTAA,TATCCCCAGGTTAATTCATTTAAACGGGCATTAGGTGACTCCATTGCTTTCAGTCTCATGAATCTAATGGTTGGTCTAGACAGAGCGGTACGTCTAAGTT,2978627,2978646,-1,cysI,R,coryneRegNet,16469103
NC_006958.1,dtxR,YP_226162.1,AACTTAGACGTACCGCTCTGTCTAGACCAACCATTAGATTCATGAGACTGAAAGCAATGGAGTCACCTAATGCCCGTTTAAATGAATTAACCTGGGGATA,TTAGGTTAGGTTCACCGTG,AATATAATAGACCGATCTGTCTAGTTTTTTCATGGAGTTTGAATTTAATTAAGCAAAAGTCTTCGCATTGTCGCATTTCGCTGCTACGTTTACAGACCAA,2978627,2978646,1,fpr2,R,coryneRegNet,16469103
NC_006958.1,dtxR,YP_226162.1,GAACTCGGGTGCCCTCAATTTCACATACCCCTAAGCGCAACACTGTGCGAGCTTTCCGCCAGTAGGCCAAGCACCCTTTCGATTGACCCCGACAAACTTT,TAAGGCAAGCCTAAATTAG,GTAAACCTTAAACAGTCGCCATTGAAGAATTTTAAAAACAAACAACCTTCAACGCGCTAACAAGCATCTTCCCACTCTCGTTACCGGAGTTTCTCACATG,3011361,3011380,1, -,R,coryneRegNet,16469103
NC_006958.1,dtxR,YP_226162.1,TTGCCGGTGGAGCCACCAGAGGGGTTTGTCGGGGCGCCGGTTTTGGCAGATTCGGACTCAAGTGCTACAGGCGAGGTTGAACTAAGTTCTCCAACTGACG,ATGAGTAAGGCTAGACTAA,AGTACGATTCATCTGCTCATCGATACTCTTGAAGGCGCATTTTCATTCGAAACGAAGTGCGCCATTGGGAAGGACCTAGTTCAAACAATGATTCGCGTGC,3109885,3109904,-1,cgtR11,R,coryneRegNet,16469103
NC_006958.1,dtxR,YP_226162.1,AGTCGATGAATCACGTGTCCTTCAGGCATAATCACCAACCTTAGTAGCCGGTGTGCCGATTTGATAAAAAACTAAGCGTGGCCTGCGGGAATCGGCACTT,TCAGGATAGGACAACCTAA,TATAAATAAGCTTAGGCTAAGGGCCGGTGACAATTTATCAAGCAGTGCTATAATAGGGGTCATGGCAAACTACACAGTCCCTGGAATCAACGAGAATGAC,3175122,3175141,-1,dps,A,coryneRegNet,16469103
NC_006958.1,dtxR,YP_226162.1,TCGGGGCGAGATGAACCCTCAATGTTTCACGTGAAACATTGAGGGTTTTACACCCAATTAAGAAAAAATGAATTAAACCAAAACTTCTTAATCGCAGGGG,TTAAGGTAAGTTCAGCTAA,TCAATGAAACTTCCCCTTTCAGCCCGTTGAAGAACCAATGAGCCCTGCCCGCACCCAGCCCCGAGCGGCTTTCCTAAGGAAGCTCCGACCCATCACATGT,3244643,3244662,1, -,R,coryneRegNet,16469103
NC_006958.1,dtxR,YP_226162.1,TTTTCCATTCCCCCGTGACGGCCGAGCAGTAAACTTGCAGGTCAATGCAACTTTTTAACCGTAGAAAGTTATGGCCAAAGACTGGCAATAGGTTAAGAAC,TTGCGTTAGGATAGCCTAA,TGCAATCTATTCGAACGACCTTCAGGTCGCTTTCACGCAGCGCAGTTATCGTGGGTACCGTTTTGGCTTTGGGTATCGCAGGATGTTCCACGGCCAGTGA,3258731,3258750,-1, -,R,coryneRegNet,16469103
NC_006958.1,lexA,YP_226172.1,TCAGTGATGGTCGAGTGATTGCCTCCGGTTCTGTTGATCAGGTGTATTCCACGGAAACGCTGTCCCGTGTTTACGGTTGGCCTATCAGGGTCGATCATAG,TGGAAAATATGTTCGA,GTGGAGCCGGACCGTTCTGAGGCGAATTTACCCTCCGTACTACAGGTGAAAAATACGGTTTCACCAGCTTAGATACATGACTAACTAAGGTTACCCTACC,415440,415456,1, -,R,coryneRegNet,
NC_006958.1,lexA,YP_226172.1,AGCTGTGGATTTTTCACAACCACCCCTTTTCTCACACCAGCCCCGCATGAACAGGCTGGTTGCACACCGTTGAAAATGAGTGTTTACTGGAACTCATGAG,TGGAACAGGTGTTCGA,AAGTTGTGGGGAGATGGCACTCCGGTGTCGCTCCCTGACCTTTCAGGATTAAGTAGAGCGGAGCGCATTGATGCGTTGCGTTCACGCATGTCCACCATGG,629228,629244,1, -,R,coryneRegNet,
NC_006958.1,lexA,YP_226172.1,ATCATGAAATGGTCATTCAAGTATTTAGGAGATTAGCACCATAGACCGCGATCTGTACAGCTTGGTCTATTTCCTTCTCCGGCTGGCGTGGAAAACTTAT,TGGAAAATTTGTTCTA,AAAATGTATCCTATCATTATGGAATGGAATGGCGGGGGAAGCTTTAACGGCAGGCCATTATCGTGGTCCAAATTGGAAAGAATCCTCTCAGGTAAAAAGG,652889,652905,1,dnaE2,R,coryneRegNet,
NC_006958.1,lexA,YP_226172.1,AATTGACTTTTCCAGCTGACGTTCGCTCATGCTTCAAAACTAGCCCGATTTGAGGCGAAATGGCAGAATTTTGCTCAAGTTGCCTAAATCAAGCACCCGT,TCGAATAAGTGTCCAC,CCTTTGGTTTATTCTTGAACTCACTTAAGTTTTGAATTTTTAGTTGTGAAAGTAGTTGATGCACAAGTGGTTATGGGGCCAACCCACGCTATGAGCGGTG,659529,659545,-1, -,R,coryneRegNet,
NC_006958.1,lexA,YP_226172.1,TCTGGAGTCGGGCGAGCGTATCGCTTAGTTTCGGACGTGGGGAGGCGTCGAAAAGCATCTTTATTTTTGACCCTCCGGGGGTGATTTAACCTAAAATTCC,ACACAAACGTGTTCGA,GGTCATTAGATTGATAAGCATCTGTTGTTAAGAAAGGTGACTTCCTATGTCCTCGATTTCCCGCAAGACCGGCGCGTCACTTGCAGCCACCACACTGTTG,748412,748428,-1, -,A,coryneRegNet,
NC_006958.1,lexA,YP_226172.1,TACGTTGCAGCTTCTCGTGCACGTGATGCCCTTGTTCTCACCACGCATACTGAGCCTTCGGAGTTGCTGCCGCGGGTTTAGAGCACCAAGTAACTAAAGT,TCGAAAGTATTTCCGA,ACGGTGTCGGCCTCTGCGCATACACTGTATTTTTAAAGAAAATTCTTCTCAATTCTAAGGGTGAATATCCAATGCGTGGTGACGTTCAAAAAATAACCAA,762340,762356,-1, -,R,coryneRegNet,
NC_006958.1,lexA,YP_226172.1,TTCTACTTCCGATAAAAAACAGACCTTTCGGGGGTAGCTGTAAAGCCACGTGAGCTGTTGCTTAGACTTTACTCTACCCCCGCGTGTCCACCACATCAGT,TAGAACATATGTACCA,CTTCAAATCTAGGGGGAAACAATGTTCTACTTCACCGTCAATAATCCGCAGGATCCTTTAAGCACCGAAATTGTTGAGACTAATCGCCGTGACCTCGCAT,805734,805750,-1, -,R,coryneRegNet,
NC_006958.1,lexA,YP_226172.1,CACGAGACGACGGATCTGTTCTGTGAGCTGCGTGGGGATGGATGTTGGTTCGTGTGGGTTTAAGGCGATGGGAAGGTCGGCAAGCATGGCTTCATCGTCC,TCAAAAAAGTGGTCTA,ATGCAAGTGACTGAAAGTGGATCTACCGCTAGTCCACTTTGTGGCGTTGGATCATCTGTCATGACCGAAACTCAAGAAACTTACCAAGCAACCACTCGTG,832471,832487,1, -,A,coryneRegNet,
NC_006958.1,lexA,YP_226172.1,ACTCTCTTTGACCTGGAAGATTGGAGAGATTTAGGGAAGGATTGGGCGTAACTCTAGTGTGATCAGCTTTTGAATAAGTGTTTGAATATCACCCTTGCGT,TCGAAAGTGTGAGCGG,GTAAGGTGGGTGATAACAACGCGGGGAATAGATCAACGGGAAAGGGGGAAGACACCATGAGCATCACCACACACGTCCAAGCACTCACCACAGCACTCAA,984497,984513,1, -,R,coryneRegNet,
NC_006958.1,lexA,YP_226172.1,ACCATTTTGAGGTACGCGTTACCTGTGGATAACTCTCTTTGACCTGGAAGATTGGAGAGATTTAGGGAAGGATTGGGCGTAACTCTAGTGTGATCAGCTT,TTGAATAAGTGTTTGA,ATATCACCCTTGCGTTCGAAAGTGTGAGCGGGTAAGGTGGGTGATAACAACGCGGGGAATAGATCAACGGGAAAGGGGGAAGACACCATGAGCATCACCA,984466,984482,1, -,R,coryneRegNet,
NC_006958.1,lexA,YP_226172.1,GCCCAAATGAGGCGGCGTGCGTTGCGCTCCTCTGTGGGATTTGTCATGGGTGAAAGCTTAGAAGAACTACACCGTTTGGTTGATATGATGTGGGGTGTTT,ATGAAAATTTGTTTGA,GGGAGTGAAGGCGCATGTTGTTGCCAGAGTTGAATCGTCGGACTTTTTTCAAAGGGGCCGGGGTGCTGGCAGCAACGGTGGTGGGTGCGCAGGTGCTGGT,1002765,1002781,1, -,R,coryneRegNet,
NC_006958.1,lexA,YP_226172.1,CGGACCCTGTCTAAACTTCGTTCAAACTCTAGGCCCGCATTAGAACAAGGATTTGCCTACATCTTCTTGTTCTGGTGTGGGTTTTCCTCACATCTAACAA,TCGAATAAATGTTCGA,ATAAAAGGTTGAAGGTGTCCCACCCCCACGGCACAATGGATGGCAAGAACACGTGAATCCAGGGGGGATACTCATGACCACTGACATCTACTTCAGCCAC,1152585,1152601,1, -,R,coryneRegNet,
NC_006958.1,lexA,YP_226172.1,TGAAGTGGGCGGCGTAGCGAGTTGCGGAGTAGATGGAAGACATTAGGCGGTTTCGGTGTTTGATCATAGTGGGAAGTGTAGAGCACCCAAGCGACATTGT,TCGATAATATGTTCTA,TTATTGGTATTAATACTGGTCAGCTAGATATAAAAGGGGCGCAGGGCTAGCCTTGGGTGTGAAATGTTAACTCAAAAAATAGAATTAGAGGCTAAACCAA,1187213,1187229,1, -,R,coryneRegNet,
NC_006958.1,lexA,YP_226172.1,CCTGCTCAATCCACAGTTGCAGACCGCGATCTTTGATCCAGAGACCGTGAAGCAAGTGAGAAGTCATGAATTCATTTCACCTATGTTGAAGAGTGGTTTC,TCGTAACCTTGTGCGA,AACCATTGGACAAGTACTCCAGCCTACCGGTTATTTGAAAAATCACCACTGCTTAAAAGATTTTGCTTGTCGACGCCACCCCTCACCCGCCCCGGCCCGG,1221313,1221329,-1,putP,A,coryneRegNet,
NC_006958.1,lexA,YP_226172.1,ATTGCCCCTGCTATCGACGATTCCGATATCAACTACCTCCACAAGGCTTTAAGGATGGTCTCATACACCTCCCTGGAGCAGCTTCGTGCGGTCAGTGATA,TTGAAGATATGTACGA,GATTTTGGTAGCCAACCACCCTGATAACCAGCAAGTGTATGAGGAAGAAGACACTGATTAACCAGGGCTTATGGTTGTGGTCTACCCCCGAATAGGAAAC,1225237,1225253,1, -,R,coryneRegNet,
NC_006958.1,lexA,YP_226172.1,AAAACTGTCTCTGACCATCTTATTTAATCGCCAGAGCTGCAGTTTCATTAACAAATCGACATTGTCCGAGCGGGCATGTGGTGTGCTGCACAATTTTTGG,TCGGACACATTTTTGC,CCCCATTGGGTTGTCGGATCAGATCAAGAAAACCCCCGCGGAAAAATTTTGTCTCTAGACTGGCTCACCATGGAAATGAAATTGAAAAAGGCATCCCAGG,1316324,1316340,-1, -,R,coryneRegNet,
NC_006958.1,lexA,YP_226172.1,CCTGCCCAATCGGATGACGTGTTAGCCACTGTGTGGTGTCCTCTCTTGGAAATTTAGATGATATGTCAACAATATTACGAAGTGGAATGAAAATCAACGA,TTGAACAAATGTTCGG,GGTGATTGCAGACGTGTCCTGCACAGTTGATATGGTGTGAAACCATCATGGCTCGATCACAAAAAAGAACACCTGCTATCAGGTCAACCAAAAAAGTTAA,1332507,1332523,1, -,R,coryneRegNet,
NC_006958.1,lexA,YP_226172.1,CCTTTTAGGTTATGTTCACGCGCTCCGCGCACTACGAGGCGATCAGCCAATGCTCAACTGCCCTTCAAAATCGATTTTTGTCGCTTCAAAAAATACACCT,TCGAACATAGCATCGA,ACAAGGTGTTTCCGCTAGTCTGAACCACATGACTAACGAGCTCACTCTTCACCATATTTCCGTGTCCCAAATGGACAACAATTGCTACCTTTTGGCCGCA,1443887,1443903,-1, - ,R,coryneRegNet,
NC_006958.1,lexA,YP_226172.1,TGCGGCCAAAAGGTAGCAATTGTTGTCCATTTGGGACACGGAAATATGGTGAAGAGTGAGCTCGTTAGTCATGTGGTTCAGACTAGCGGAAACACCTTGT,TCGATGCTATGTTCGA,AGGTGTATTTTTTGAAGCGACAAAAATCGATTTTGAAGGGCAGTTGAGCATTGGCTGATCGCCTCGTAGTGCGCGGAGCGCGTGAACATAACCTAAAAGG,1443887,1443903,1,uvrA,R,coryneRegNet,
NC_006958.1,lexA,YP_226172.1,TCCCCGTTACCGGTTGGCGGGGTCCGCAAAAACAGGCGGAAAATAAAGATCCCAGGTCAGCGGGGTAATTCGAAAACCATTCGAACAATTTTCGAGGATT,TAGAAAAAACGTTCGC,ATAAATTGTTAGAACTGATGTACACTTTGAGGCATGCTCGTAGACATTGCTATTGAGAACCTCGGAGTTATTCCAGCGGCCTCAGCTGAGTTCAGCTCAG,1490520,1490536,1,recN,R,coryneRegNet,
NC_006958.1,lexA,YP_226172.1,GATGAGGTTTTGACAGAGCTGGAAAACGACTAGTTCGTATTTTCCGCACTCCGTTCACCCCGCTATCCCTGCAGCTAAAACGCAGAGGATAGCGGGGTGA,TCGCAATTGTGTGCTA,AAAATGAGTATGGAATAGCAACTGCACAGCGACGAATCAGCGACGAATCAGTGAGGACACGAATATGAACCACGAAGGGCTTCGGGTAATGGGCATTGAC,1765375,1765391,-1,ruvC,R,coryneRegNet,
NC_006958.1,lexA,YP_226172.1,TGTATGGGTGCATGTGGTAATGCCTTCCCGCCCTTGAGTTCTACCCCGAAACCTGCGCAAGACACCCCCAGAATGGGAACGTAGTCTAGATCACACGACT,TCGAAAAGTGGCTCCA,AGCTGGATAGACTCTATTTACCTACTGGTAACCTCCGCTTGATATTTCCCTCTGGGGAACTAAGTGGGGGAAGATTTCGACAACTAACCGGGCGCAAAGA,1776701,1776717,-1, -,R,coryneRegNet,
NC_006958.1,lexA,YP_226172.1,AGGCTGGACTCTAGAAATCGGTCCTAAAGTTGCGCACGCAGGCAGATAAAGCGGAAATATCCACCACAGCCAGCAGGAAATCCGCTTTTTGTGGTGAATA,TTCGCACATTTTTTCT,ATTCGTGTATGGGTGCATGTGGTAATGCCTTCCCGCCCTTGAGTTCTACCCCGAAACCTGCGCAAGACACCCCCAGAATGGGAACGTAGTCTAGATCACA,1776822,1776838,-1, -,R,coryneRegNet,
NC_006958.1,lexA,YP_226172.1,CCGTGCACTACCCCAAGAAAACACGGTGTCCGAACACAGTTTTAAAATCTATAACCCACCAGCCACACCCCCTCTAGGAGGTGAAAATTAGATTTATTAT,TAAAACACTTGTTCTA,AACATAAGGAACGCGCTACCATTCATAGTTAGTGGGCATTCCGCCCCATAACAAACAGTAGAAAATTAAGTAGCACAGCATTGTAAATGTCGGGGAAACA,1855357,1855373,1, -,R,coryneRegNet,
NC_006958.1,lexA,YP_226172.1,AACCCCTCAGCTCATGTGGTCCACCAACAACCACAACCCCAGCCCAGCGCAGCAGATTCGCCACATCACTACCGTGCACTACCCCAAGAAAACACGGTGT,CCGAACACAGTTTTAA,AATCTATAACCCACCAGCCACACCCCCTCTAGGAGGTGAAAATTAGATTTATTATTAAAACACTTGTTCTAAACATAAGGAACGCGCTACCATTCATAGT,1855286,1855302,1, -,R,coryneRegNet,
NC_006958.1,lexA,YP_226172.1,AAATGTAGTTACTAAGCCCGTTCCAATACCATTATGTAGCCCTTTAACTAACTAAGCTGCAGATTATTGAAATCGGCACTATTTTCAAAACAGGCCTAAA,TAGCACATATTTTCTA,TCATCGTGTATCACGTGTCGTACCGAAAGTTTATAATGGGCATTGTATCCACCACTGGATATCCGACATAAACAAGGAGGCACCTGATGACCAAGCGAAA,1918313,1918329,1, -,R,coryneRegNet,
NC_006958.1,lexA,YP_226172.1,CTCAGGAACTCACGGAACAGAGAAAACGGCGGGTTGGTGATCACTAGGTCCACCTCGTCTTGCATGGTGGTCACCTCAGTCCAGAACGCATTGATTGACA,CCGATCAAATGTTTGA,TGGATTATGATATTTAGCATGACTGATTCTCTGCTTGTATCCATCAGAAAAGGCTTAATAGAAGAGCGTCCATTAACGGAGCTTCTTCGGGCGTGTATCT,1929667,1929683,-1, -,R,coryneRegNet,
NC_006958.1,lexA,YP_226172.1,TACAGGTTTTCCTGCGGAAATGGTACGAGTGTTCGAGATTTTTAAATCTTCTCTAGACAACGTTCGAACGGGGTGCTATAAATCGAACATAGAAACTTAG,TCGAACATGTGAACGG,TATTGGTGTTCGAACGTGTCGTGGCTAAAAGTTAAGATGTGGGCAAACAATTGAGGCGGGAGTTTTGAAATGACTGTTTATGCGGGTAAAGAGCTAGATT,2006527,2006543,-1,divS,R,coryneRegNet,
NC_006958.1,lexA,YP_226172.1,GACACGTTCGAACACCAATACCGTTCACATGTTCGACTAAGTTTCTATGTTCGATTTATAGCACCCCGTTCGAACGTTGTCTAGAGAAGATTTAAAAATC,TCGAACACTCGTACCA,TTTCCGCAGGAAAACCTGTATGGTTGGAAACTAGAAATACTGACAGAGGTTCGAATAGCTCAGCATTCAGCTTCAGAAGTTCACACTGGATGAACCCTCA,2006607,2006623,1,lexA,R,coryneRegNet,
NC_006958.1,lexA,YP_226172.1,TTTATAGCACCCCGTTCGAACGTTGTCTAGAGAAGATTTAAAAATCTCGAACACTCGTACCATTTCCGCAGGAAAACCTGTATGGTTGGAAACTAGAAAT,ACTGACAGAGGTTCGA,ATAGCTCAGCATTCAGCTTCAGAAGTTCACACTGGATGAACCCTCATCAAGAGTGAACATGGAAGCGAACAGAGTTTTTAGTGCTTTAACGGGCAAACAA,2006661,2006677,1,lexA,R,coryneRegNet,
NC_006958.1,lexA,YP_226172.1,TATGGTTGGAAACTAGAAATACTGACAGAGGTTCGAATAGCTCAGCATTCAGCTTCAGAAGTTCACACTGGATGAACCCTCATCAAGAGTGAACATGGAA,GCGAACAGAGTTTTTA,GTGCTTTAACGGGCAAACAATGAGAGGAAGGGAACGGAAGATGGCAATCGAAAAGAAGCCAGCAGGTGCACGAGGCAGTCGCGGTAGCCGCACAGTTAAG,2006741,2006757,1,lexA,R,coryneRegNet,
NC_006958.1,lexA,YP_226172.1,CAACTGTGCATTGATTTCAGTGTTCCCGAAGAGCGACGACTTGGTAAAGATGAACCAGGGTTCTAGCTTGTTCGAGGGGGTTCGCATGAAAATTCGAATT,TCGAACAGTTGTGCGT,GTATACTGTTTTTTGAGCACGTTGTGTCCTAGGGTTCATCTACAGTAACGGGCATAAACAAAAGAACAGATGAAAACACAGTGAAGTCGGGATCCAAATC,2035389,2035405,-1,recA,R,coryneRegNet,
NC_006958.1,lexA,YP_226172.1,TAGCGGTGGGGTAGGGGAGCTGCTGTTGTGGCTGTCTGGCCGTGATGTTGTGAAACTAACATTTGAAGGCAATCAAGAGGGTGTTGTTCGGGGAAGTTTA,TAGAAAACTTGGACGA,ATCGCGTGGTGCTTCTGTGAATAGAGTTGTTTGAGCGACTAGAGTTAAGGCCATGACTGTCAGAAACGGCGCACCCAAGCGGGGAAGCTCACGATCATCG,2046425,2046441,-1,ftsK,R,coryneRegNet,
NC_006958.1,lexA,YP_226172.1,CTTGTACATGGGGTTAATCGTACTGAAATCCTGTGAACCATGCGTATGGCGCGCCTAGGTCTCGGTGCGTATTTTCCGCAAAGCTCCACGTAGACGGTAT,TCGAAAACTTTTCCGA,TCAGCCCCGGGGGAAGGCCGTGTCGCATGCTCGGGCTAGCCTTGGATCTCAAGAAGAATTCGACTGGTTTAAAGTCTGGGCTTTAAGTGCAGAAAGGTTG,2161451,2161467,1, -,R,coryneRegNet,
NC_006958.1,lexA,YP_226172.1,TCCCCATCAAACCAGAAGTGGTGATGTGAGTTGGGTGTTCCGCAGAAATCTATGCAGGAATCGGCCGAACTGAAGTAGTTTACACCCCAAAATCCATTAT,TCAAATATGTGTTCGA,ATAATCGATTTTGATGTCCACCCCTGTCCATATAGTGAGGGCTAACAAAAGAAACGAAGGTTTCTAGGCCTTCAAAGCTAGAGCGGATTGAAAGGAGAGG,2269432,2269448,-1, -,R,coryneRegNet,
NC_006958.1,lexA,YP_226172.1,GTAGTTTTTCTCAGAGTTACTCAAGGATGTCGCGGTTTTTTGATGACACGGGGGTGGGAGGTGTCCAGCTTGGGTGGTTCACTGAGAACCGCACCGAAAT,TAGAACACTCCTACGA,ATAAGGAAACCGCAATGACTCTCTCCCACTTCTCCGACAACGTCACCGACGCACAAGACTCTTACCGTCAGATTTTAGAAGAAAGCATCATCAGCCACCT,2335995,2336011,1, -,R,coryneRegNet,
NC_006958.1,lexA,YP_226172.1,CGCTGATTGTAAGGAAAAAGTTACGTAGTTCAAGGACATATGAAGCTGTCGAACATGTGAGTGCTCGACAGCTTTTCTATTTCGAAAAATAGCCTTGTAT,TCGAAAATTTGATCGG,GTATGGTGGTTGGTATTAGCACAGGGAACTAAACGGGAAAGGGGGAAGACACCATGAGCATCACCACACACGTCCAAGCACTCACCACAGCACTCAACGC,2385173,2385189,1, -,R,coryneRegNet,
NC_006958.1,lexA,YP_226172.1,TTGCTTTTCGACGCTCCCCTCCACCTCATTCAATGCGGCGGAGGGGATTTCCTTGCATGTTAAGCCTATAGGAAAAAGTGTTTGCATATCACCCTTGTAT,TCGAACACGTGAGCGG,GTAGAGTGGGTGGTAACAACACGGGGAAAGGGGGAAGACACCATGAGCATCACCACACACGTCCAAGCACTCACCACAGCACTCAACGCCATCGACAACC,2557830,2557846,1, -,R,coryneRegNet,
NC_006958.1,lexA,YP_226172.1,TGCAGAGTGGGTTCGCAACAAATAAACCCCTAACCCATATTAGAACAAGGATTTGTGCGCTTTTTCCTGTTCTGGTGTGGCTTTTCCTCACATCTAACAA,TCGAATAACTGTTCGA,ATAAAAGGTTGAAGGTGTCCCACCCCCACGGCACAATGGATGGCAAGAACACATGAATCCAGGGGGATACTCATGACCACTGACATCTACTTCAGCCACA,2602888,2602904,1, -,R,coryneRegNet,
NC_006958.1,lexA,YP_226172.1,AGACACTGCAGAGGCAAGCCACCACTAAGCCTCTCAAAGCTGCTTGAACCGCCCACTTCCAATGAATTGTTGGAGGTGGGCGGTTCTTTTTCACCCCTTT,TCGAACACCGTTTCTC,TTAATGTCCATCCCACCGTTTAAGGTAGGGGCATGGCAAAAAAGGTTCGCAGCGTACACGAGTGTTCTGAATGTGGTTATTCCAGCCCAAAGTGGTTGGG,2806050,2806066,1,radA,R,coryneRegNet,
NC_006958.1,lexA,YP_226172.1,CGAAGTTGTCGAAACCCTCTAGAAACCACTCTAGAAATAGCTTTAGAAAGACTTAAATAGATGCCCCGGCTAGTTACATACTGGCCGGGGCGTTTTCCAT,TTACACATCTGTTCGA,CTCGCGCCCGAATGATGTCGCATCAACATGAGAAGCTACTTCCATACTTTTACTGATTGATAAGAATGGACAAAGACAATGAACCGCACACTCCGAACAC,3191990,3192006,1, -,R,coryneRegNet,
NC_006958.1,clgR,YP_226204.1,CAGACGAAGAGCCAGGTGAAATGGATCGTCGTGATGCGAAAACCATCGCGATGGAACTGCTTGCTCAGGAACTCGGCGCGAAACCTTTGTAAGACTCGTT,TGTAAGCCGAGAGCGAAC,CTGCCAAAAGTAAGGGGCGGGTTCGCGGTGACGTCGGTAGGATCGAGCGAAGAAACCAACAAACTTCTTAGGAGCCATTCTCATGACCCAGCCAGATATG,260887,260905,1, -,A,coryneRegNet,15978086
NC_006958.1,clgR,YP_226204.1,TATGGTCAATGCTTACCAACGATGCCAGCAGCACCAAAGGGATAGCACCCCACGTCAGAGTCTTGATTCGGCGATTCACGAATATCCACCCTACAACCTG,TGTTCGCTTACAGCGTTG,TTCGGATCGTAGCAATAGGAAATAGTTGCCTTGTAGATTGGTAAATATGAACTCTAATGGCTTTGGTTTCTCTTTTGGCAACAACGATGACGACGATGAC,825623,825641,-1, -,A,coryneRegNet,15978086
NC_006958.1,clgR,YP_226204.1,GTCTAACTCCCTTAACAGGCAATAGTCACTTTTCCTACACGTGAGAAATTGCCCCCGCGTTGATGGAATAGAGCGCTCAATTTAGGTGTTTATGGTGGCT,TGATCGCTCACGGCGTTG,CCCGACACCTAGCCTTGGCGACAGCAGACGTGAAACAATAGATAAACAATGGATGAAAAGAAAAACTTAAGTCATGATGAACTTCTCGCTCAGGCCTTCC,2020273,2020291,-1,hflX,A,coryneRegNet,15978086
NC_006958.1,clgR,YP_226204.1,CTGAGACTGAGTCTGAAGCTTAAAAACTTTAAAGAAATAACGCTTTTCGACGCGCCACTGGACGTCGAGAAGCGTTATTTTTTTGCTTTTTTAAACGGTG,AAAACGCTGATAGCGAAC,AGAGGCGGTTTCATGGAAATACGCGGGTAGTCTGGTGACATTGAACCAAATGAACGTACCCAAGATTTAAGAATGTAGGAGTTGACTGTTTTCATGAGCG,2528337,2528355,-1,clpP1,A,coryneRegNet,15049827;15978086
NC_006958.1,clgR,YP_226204.1,CTGCCAGTGGATTGGTTCTTGCGTCTAAGCTGCTTGATTTTCCCTAAACCCCGGATTCTTAAATGAATCCGGGTTTTTCAGTTTCGGGGTGCAAATCAGA,ATGTCGCCAATGGCGAAC,ACACGAGCGTGCAGAAGATGTGCGTGACTAAGATCGGGGGCTATGTCTGAACGCCTAAACGCTCCGCAAGCACCAATCCATCCCATCACCCGAACCCACC,2734999,2735017,-1,ptrB,A,coryneRegNet,15978086
NC_006958.1,clgR,YP_226204.1,TTGATTAATCAGTTATCCCTGAACACGGCAAGGGTACCTCAATTGCTCTTTCCACCACCTTCCTGCTGCTTTACTACTGCTTTTCGACGCCCCAACCCGG,TGTTCGCTACAGGCGTAC,AGGGCCTTTCAGGCCTCAAAAACTAGCCCTGAACAGGGCTTATATGGTTTGGTGTTTAGCTAATTCCAAGCCGAGCTGAAAAAGTCTGGAAGTTTTGCCC,2820407,2820425,-1,clpC,A,coryneRegNet,15049827;15978086
NC_006958.1,vanR,YP_226627.1,CCGAGAATGAATACCCGCAGCTCAGAGACCCCAGCTGACATTAACTCACATTTACCCCTTGACAGTGATTTGAAGCACAAGCAATATATGACCTACGCCA,TAAACTAACTAAGAGTTTA,GGTATTTGGTTATATAGTTCTTTAGGAGTTCACCATGACACTGTCCGAACGCAAGCTCACCACCACCGCCAAGATTCTTCCCCACCCACTCAACGCCTGG,2496721,2496740,1,vanA,R,coryneRegNet,15971090;17183485
NC_006958.1,pcaR,YP_226636.1,TGGATTATCTGCGCTGAAACTTCGGATCACAGATAAGCCGCGGGCAAATGATTGTACGAAATCTGGCGATTGTTCGACCATCCCATCAACTCCTCTTTTT,GTTCGCATTGCGAAC,CCTTGTGCATATGATGAACATTACGTTAGCATGTCTCACATGATTAACAAGAGCATTTCTTCCACTGCTGAAGCGGTGGCCGATATCCCAGACGGTGCGT,2505059,2505074,-1,pcaI,R,coryneRegNet,17183485
NC_006958.1,gntR1,YP_226768.1,CTGGAATCATTCGGGGACGTGATGCGGTGGAGGGGTGGTGCGGGCATAATCTGACAGTGTGTCCGTTTTCATTTTCAAAAAATGCAGGTCGGACATATTC,AAAAGTATTACCTTT,TTGGTTTGTCTGTATTCAGCTTGTTTTGGGTGGGTTTCCGGCTTATCATGATGGGTGACTTACCGCTTAATTGGAAAAAAGTGTGATCCACCACAAATCT,1424357,1424372,1,ptsG,A,coryneRegNet,18047570
NC_006958.1,gntR1,YP_226768.1,CAGTGTTGCCGTTGCGGGCGAAGTTGCGGGCGAGGTTTGAGCCCATTACTGCTAGGCCTACAACGCCGATCTGTGCGAGATTATCTCCATTAGTCATGTT,ATTGATCGTACTTGA,CGGCATAGCCCGGTGTCAGCAAAATCGGCCTAAAAGGTGTGACCATTTGGGGGTAGTGGCGATTTTACCAGGTCACAGGAGGTGAAAATCCAACCATTTT,1533262,1533277,1,gnd,R,coryneRegNet,18047570
NC_006958.1,gntR1,YP_226768.1,TTCCGAACGGAAAAGACCAATAAACATACAGTCCCCGTGATGTGACCATACACACCACGGGGACTGTGGCGTAGGTCTTACAAAATTCCCCAAAAAGAGT,TATGATAGTACCAAT,AAGTTTTTGTGGCAGCCTCCTGCATTCGGCAGTCGAGACGCCACCAAAGAAAGGATAAGACATGTCAGCAGCCGAAGGCTTACATATTGTCGTCATGGGC,2602233,2602248,1,gntK,R,coryneRegNet,18047570
NC_006958.1,gntR1,YP_226768.1,GTATGAAAATTCCGACCAGAAGCGCCAGTAGAAGTAAATTATTCAGTGATAACCATTGGGTATTAAGAAATTTGTGGCTTAGATCTCAATTTCTGTATAG,TTTGATCATACTAAT,TCATCCACTTCCAAATTTTCACGAAGGATCACCCCATGGACACCTGGGAACAAACCCTTGGAACAGGGCCACTGCTAGGCATTGCAGCCGGCGCCATTGC,3081387,3081402,1,gntP,R,coryneRegNet,18047570
NC_006958.1,ramA,YP_226801.1,TGTTGCGGCGGCTTTGAATGAGAATTTTGATCGCGTTTATGGGGTCACAAATCTATAACGTGAGGTAGCTCACAGTCAATCTGTTGGCCGTGGTCAGCTG,TGGGGGTTGTGGTGGGT,GTGACTGAAGTTTATGAAGTTGCACGCCACGGCGTTTTGGTGATGGACGGGGGTAGTTTGTTACCGTATTGTGACTAATTGTTAATTCCCCCGAGAGCGA,965154,965171,1,rpf2,A,coryneRegNet,18355281
NC_006958.1,ramA,YP_226801.1,TGTTTCGACGTGATGTGCATCGGTTTGCGTGGTGGCGTGGTTCACACATTGCTCCATCGGGCATTGGTGCGTCAATCGGTTTGGGTTTTTAAGTTTTGTG,CGGGGGTGGTCACCCCT,GTTGTGAAGTTTGCAAAGTTCTGGCTTCGCAGAAAAAGTGGGCGGGGGAGTTGCTAGTACGGATGTACTGGGCAAATGCTCTGAAATGGGAAAATGCAGG,2442226,2442243,-1,aceB,A,coryneRegNet,16547043
NC_006958.1,ramA,YP_226801.1,GGAGTTGCTAGTACGGATGTACTGGGCAAATGCTCTGAAATGGGAAAATGCAGGCACCGCAACGTTCCGTAGGTTTCGAAGGTGTGACCTAGATAAAAGT,CGGGGTTAGGCGGGGGT,AATGACTTAGTAAAGTTCGCAAACCCCTTTTGCTGGTGACGGTGATCACTTAGTCTGATCACATCGCCAAACACGATAAGGGTTGAAATCGAAAGAAGAG,2442063,2442080,-1,aceB,A,coryneRegNet,16547043
NC_006958.1,ramA,YP_226801.1,CTCTTCTTTCGATTTCAACCCTTATCGTGTTTGGCGATGTGATCAGACTAAGTGATCACCGTCACCAGCAAAAGGGGTTTGCGAACTTTACTAAGTCATT,ACCCCCGCCTAACCCCG,ACTTTTATCTAGGTCACACCTTCGAAACCTACGGAACGTTGCGGTGCCTGCATTTTCCCATTTCAGAGCATTTGCCCAGTACATCCGTACTAGCAACTCC,2442063,2442080,1,aceA,A,coryneRegNet,16547043
NC_006958.1,ramA,YP_226801.1,CCTGCATTTTCCCATTTCAGAGCATTTGCCCAGTACATCCGTACTAGCAACTCCCCCGCCCACTTTTTCTGCGAAGCCAGAACTTTGCAAACTTCACAAC,AGGGGTGACCACCCCCG,CACAAAACTTAAAAACCCAAACCGATTGACGCACCAATGCCCGATGGAGCAATGTGTGAACCACGCCACCACGCAAACCGATGCACATCACGTCGAAACA,2442226,2442243,1,aceA,A,coryneRegNet,16547043
NC_006958.1,ramA,YP_226801.1,ACCCTCCATGATACGTGGTAAGTGCAGACTAATAAAGGCCAGTCGGGGAGTATTGGGGGCTTTGCTGGGGTCAGATTTGTCACGCTGCGCGCTTTCATAG,ACCCCATTAATGGGGGGT,GAAGAGCTGTAAAGTACCGCTAAAAACTTTGCAAAGGGTGCTTCGCAACTTGTAACCGCTCCGTATTGTTTTCTACGGCAATAAGCATTTGTGCTGCTCA,2911479,2911497,-1,pta,A,coryneRegNet,16547043
NC_006958.1,phoR,YP_226848.1,AAGCGCTATAGTGAGTTTTGTTCTCAGGGCGGGGCGAAATTCCCCACCGGCGGTAAGACGAATCATCAGATATGACTAGTTGAGCCCGCGAGCGCCACCA,ACTAGCAATGGTTTGTGGG,TCAGCAGATCCGGTTAAATTCCGGAGCCGACGGTCATAGTCCGGATGCAAGAGAACCGTGGTTTCGCTGATTTTTGGCGAACCCGGAATTAAGGCCCCGA,66338,66357,-1,phoH1,A,coryneRegNet,17496102
NC_006958.1,phoR,YP_226848.1,TCGCGGGCTCAACTAGTCATATCTGATGATTCGTCTTACCGCCGGTGGGGAATTTCGCCCCGCCCTGAGAACAAAACTCACTATAGCGCTTGACGCGGAA,AGTGTGAAGCATATGAACC,GTCCTGGTTGAAACTGAACGATTGGTGACCGGCTCATGAAAACTTGACGAGTCCCCGGTATTCGCCAGCGGTGACTACTACCGTGGGCGACAAGCCCACT,66466,66485,1,phoH1,A,coryneRegNet,17496102
NC_006958.1,phoR,YP_226848.1,CGACTGGATATAAGACCTATTACAAGTTGTGTATGAGTATCCTGAAATTGCTCGCTTAACACCCCATAAAGAGGGTGAAGATTTAAGTTCAGGTGCGATC,TGGGTGAACAGTACATAAA,TATCATCTTTCGCTAATGGAAAGCCCCAGCTCACCGAATTCTCCATTCGTTTTAATTGCTTCGTTAATTAAAACGCCATATAAAAACCGGCGCATTGCCG,343496,343515,1,ushA,A,coryneRegNet,17496102
NC_006958.1,phoR,YP_226848.1,GCCCTAAAAAGCGTAGAAACCAAATGTCGATTTTGGATTTTCTGACGGTAAATGCCCAGGATAGAGTTCGAATTCCCCATGATTGGGGTGACCATTTGTA,TTGGGGCTATAGCTATTAT,TGGTTTGCACCAACTAGCAACATGGGGTTTTAGGTCAGTTTCGAGACCAAATTCGTTAAATTACTTAAGAAAGTAAAAACCTTAAATCAAGGAACCAACA,482780,482799,1,pitA,A,coryneRegNet,17496102
NC_006958.1,phoR,YP_226848.1,TAACTCACCACACATTGTAAATTTGTGATGTAGATCATCAAAGCTTCTACCAGTGGATTTAATGAAGTTTCAGTCGTGGAAATCAGGTCTTGGCACGGTG,TATGTGAATGCTCTACTAA,TTGCATAGGAGGCTGATTTACCGTGTCTTTTTGGGTCTTTTGGTTAGAAAGACACAGGATTTTTTACTTAAAGAGGCGTGAAGTAATCAGGTTTTTCTAG,1035262,1035281,1,porB,A,coryneRegNet,17496102
NC_006958.1,phoR,YP_226848.1,TTTTTGTTTATTTTTGACCGCTTAACCGGGATGATTGCACGCGGTGAACGTTGAGCCCTAGGGGAGTGGTCGGCACGCATGCGCGCGCGATAGTACATAG,ACTGGGAGCAGGCTTCCAA,GGAAATGAAGCTGAGAAACAGGTTAATTCACTTAAACGTCACCTTATTTATGCATTATGTTGGTTTCAGACTCGAACAATTCAATTAGAAAACACTAATC,1452208,1452227,1,ugpA,A,coryneRegNet,17496102
NC_006958.1,phoR,YP_226848.1,CATCGCGCCGCGCAGCGCAAAAAAGATAAGCGTTTTCTAGTTGAAGGCGAAAATTCCGTTGAAGCAGCTGTCGCTACCGGCGCAGCAACTGACCTCTTTG,TCACTGAATCCGCTGCGGA,GCGCTTCGAGGAAATCGTCCGCACCGCCGGTTACATGAATGTCTACACCCACGCGATCACGGACAAGGCCGCGAAGCATCTTAGCGACACCGTCACCACC,1457768,1457787,1,glpQ1,A,coryneRegNet,17496102
NC_006958.1,phoR,YP_226848.1,GCGTTTACCGAACGCACCCCGCGCATCGTCAACGCAGCTAAACTGCATCGCGCCGCGCAGCGCAAAAAAGATAAGCGTTTTCTAGTTGAAGGCGAAAATT,CCGTTGAAGCAGCTGTCGC,TACCGGCGCAGCAACTGACCTCTTTGTCACTGAATCCGCTGCGGAGCGCTTCGAGGAAATCGTCCGCACCGCCGGTTACATGAATGTCTACACCCACGCG,1457723,1457742,1,glpQ1,A,coryneRegNet,17496102
NC_006958.1,phoR,YP_226848.1,CCACGTAGTTTACGAAAAGTAAAAAAGAGACTTGCTAAAAACCTGTGAGAATAATAAGAATCGGTGATTTTCGTTCCGCAGGGGTCGAAAATTGCCGATT,TTTGTGATTAGAGTCTCCA,AATGTTACGAGTGAGATGTGGGTAGTGGCAGAATTTGCCGAACGATAGCCCAGAGTTCATAAGTTGTTAACCAAATTAGCCTGAGTTAGTCATTTCAAGG,2709406,2709425,-1,pstS,A,coryneRegNet,17496102
NC_006958.1,phoR,YP_226848.1,AAGACCTTGAAATGACTAACTCAGGCTAATTTGGTTAACAACTTATGAACTCTGGGCTATCGTTCGGCAAATTCTGCCACTACCCACATCTCACTCGTAA,CATTTGGAGACTCTAATCA,CAAAAATCGGCAATTTTCGACCCCTGCGGAACGAAAATCACCGATTCTTATTATTCTCACAGGTTTTTAGCAAGTCTCTTTTTTACTTTTCGTAAACTAC,2709402,2709421,1,pstS,A,coryneRegNet,17496102
NC_006958.1,phoR,YP_226848.1,GATTAGATACAAGCCATATGAATTACCCGTGTTTTTCGGAGTCTGCTTGGCGAGCAATTTGGTCGACCTGGCAGTTCACCTTTGGTCTCACCAAAGTTCA,CCTATTAGCTGACCTTTAT,TTAGATGATGCACTAAATCCTCCCCCTCAACTAGGGTTGCGATTATGACTTCTATTCATGACATCAGCGTAACTCTCAACGACGGCACAGAAACCACCAT,2727156,2727175,-1,nucH,A,coryneRegNet,17496102
NC_006958.1,phoR,YP_226848.1,GCTGGCAACACTCCGGCAGTCGCGGCATACGAAAAACTGGGATTCACTGTCGCGGAAAGCCACGTAGTTTACGAAAAGTAAAAAAGAGACTTGCTAAAAA,CCTGTGAGAATAATAAGAA,TCGGTGATTTTCGTTCCGCAGGGGTCGAAAATTGCCGATTTTTGTGATTAGAGTCTCCAAATGTTACGAGTGAGATGTGGGTAGTGGCAGAATTTGCCGA,2709465,2709484,-1,phoR,A,coryneRegNet,17496102;16385062
NC_006958.1,phoR,YP_226848.1,GCAGTTGAGACTTTGTGCCGCGGTGAACAAAAGACACCCCCTCTAGATGGGAGCCTAACGGCCAAACGGACACACTTGCAGGTTCCAAGCCCATTTAAGC,AATGTGAACGCCTTAAAAC,GGCACAGAAGCTACTCTCGCTAAAGTAAACACCTAATTCACCTTGATCCCACCGAAAAGCAATGACAGATTCTCCTATAGTTCACATGAATTTAATTAGA,3239751,3239770,1,phoC,A,coryneRegNet,17496102
NC_006958.1,,YP_226853.1,AGCGCCTCAAAGAACCCGACCCACGCTGACAGTCCCCTACGATTTCCGACGTCTTAAATCGCCACACAGCGCCGTGGTCTAAAACACCAACAAAAGAGTT,GTAACTGTACCGACCATTCGTTACAGTTAC,GATCCATGACTTCAGAAACCTTACAGGCGCAAGCGCCTACGAAAACCCAACGTTGGGCTTTCCTCGCCGTTATCAGCGGTGGTCTCTTTCTGATCGGTGT,2752238,2752268,1, -,R,coryneRegNet,16166084
NC_006958.1,hspR,YP_227034.1,TGCGTTTGAAAGTGAACAACAGGTAATATTGGCTGAATTGGGACGGCATCATATTAGAGAGTCTGCTGTGCAGCAAAGCTTTCGCCTGCTGATTGACCAT,ATTGAGTCGCAGTGACTCAAG,TTTCCAGGTAAACTGGGAACAAATTTTAGGGAAAGGGAGTTGAACCTAACGATGGTTACTTATACAACCCTTCTAGACAAGCCGATTTCAGAATCTGCCC,2040036,2040057,-1,clgR,R,coryneRegNet,15231814;15049827
NC_006958.1,farR,YP_227133.1,AGCCTCGGGAGCTCTAGGAGATCGTGAAAAACGGGTCAAATTTCTCCGATGTAGCGCCTATAAAAGTCGTACCAATTCCATTTGAGGGCGCTCAATTGTG,GCCAGGTTATATAACCAGTC,AGTCAACTGGTCTCATTCGCTGGTCGGATGAATTTAATTAAAGAAGAGACTTCATGCAGTTACCGCGCGTTTTGGCGATACAAAATTGATAAACCTAAAG,2166562,2166582,-1,gdh,R,coryneRegNet,17483938
NC_006958.1,mcbR,YP_227181.1,CCATTTAGAGTGGGGCTAGTCATACCCCCATAACCCTAGCTGTACGCAATCGATTTCAAATCAGTTGGAAAAAGTCAAGAAAATTACCCGAGAATAAATT,TATACCACACAGTCTA,TTGCAATAGACCAAGCTGTTCAGTAGGGTGCATGGGAGAAGAATTTCCTAATAAAAACTCTTAAGGACCTCCAAATGCCAAAGTACGACAATTCCAATGC,669305,669321,-1,metY,R,coryneRegNet,15853877;18800184
NC_006958.1,mcbR,YP_227181.1,GCACGGCAGCAAAATCGAGGTTGCTGCGCAAATTTGGGACGCGGCACTGGCGTATCGCGAAGTCTAGAAAAATCCAGCTAGACCACTGACATTGCAGTTT,TAGACAGCTTGGTCTA,TATTGGTTTTTTGTATTTAAGACTATTTATTCTCAACTTCTTCGAAAGAAGGGTATTTGTGGCTCAGCCAACCGCCGTCCGTTTGTTCACCAGTGAATCT,1701923,1701939,-1,metK,R,coryneRegNet,15853877;18800184
NC_006958.1,mcbR,YP_227181.1,GATTTTGGATGCTCACGGTGGGGTAGTCGATGTGGAGCACGGCAGCAAAATCGAGGTTGCTGCGCAAATTTGGGACGCGGCACTGGCGTATCGCGAAGTC,TAGAAAAATCCAGCTA,GACCACTGACATTGCAGTTTTAGACAGCTTGGTCTATATTGGTTTTTTGTATTTAAGACTATTTATTCTCAACTTCTTCGAAAGAAGGGTATTTGTGGCT,1701959,1701975,-1,metK,R,coryneRegNet,15853877;18800184
NC_006958.1,mcbR,YP_227181.1,AAAGATGCTTTTCGACGCCGCTCCCCAACCATTAACCCCGCGAGAAATATTCATCGAATAGATGTCGATCTACCTGCAAATACGCTCGGTCTACAAATAA,TGAACAGAACTGTCTA,CTTTTCAAACTGCTTTTTGTGTAGACTCAAGTCACAGAGGCCACTTCAAGTAGATGTTTCGTAATTGTTTACAGCGTTTACGCAAGCGGTCGACCAACAA,2693445,2693461,1,cysK,R,coryneRegNet,15853877;16159395
NC_006958.1,mcbR,YP_227181.1,GCTGTTTAACACTCCTAGACCGCTTGGTCTGTAAACGTAGCAGCGAAATGCGACAATGCGAAGACTTTTGCTTAATTAAATTCAAACTCCATGAAAAAAC,TAGACAGATCGGTCTA,TTATATTCACGGTGAACCTAACCTAATATCCCCAGGTTAATTCATTTAAACGGGCATTAGGTGACTCCATTGCTTTCAGTCTCATGAATCTAATGGTTGG,2978653,2978669,-1,cysI,R,coryneRegNet,15853877;16159395
NC_006958.1,mcbR,YP_227181.1,CTTTAAATCCGTAGGGCCTGTTGATATTTCGATATCAACAGGCCTTTTGGTCATTTTGGGGTGGAAAAAGCGCTAGACTTGCCTGTGGATTAAAACTATA,CGAACCGGTTTGTCTA,TATTGGTGTTAGACAGTTCGTCGTATCTTGAAACAGACCAACCCGAAAGGACGTGGCCGAACGTGGCTGCTAGCGCTTCAGGCAAGAGTAAAACAAGTGC,3114892,3114908,-1,mcbR,R,coryneRegNet,15853877
